"","stat","yr","chla_mean","lon","lat"
"1",6,1974,26.8181818181818,-82.477402,27.889299
"2",6,1975,24.5833333333333,-82.477402,27.889299
"3",6,1976,32.6083333333333,-82.477402,27.889299
"4",6,1977,43.9083333333333,-82.477402,27.889299
"5",6,1978,28.6083333333333,-82.477402,27.889299
"6",6,1979,27.575,-82.477402,27.889299
"7",6,1980,22.95,-82.477402,27.889299
"8",6,1981,39.2,-82.477402,27.889299
"9",6,1982,25.0727272727273,-82.477402,27.889299
"10",6,1983,25.7,-82.477402,27.889299
"11",6,1984,13.25,-82.477402,27.889299
"12",6,1985,16.6083333333333,-82.477402,27.889299
"13",6,1986,15.9416666666667,-82.477402,27.889299
"14",6,1987,10.2916666666667,-82.477402,27.889299
"15",6,1988,14.5833333333333,-82.477402,27.889299
"16",6,1989,10.225,-82.477402,27.889299
"17",6,1990,14.266,-82.477402,27.889299
"18",6,1991,17.9055,-82.477402,27.889299
"19",6,1992,12.143,-82.477402,27.889299
"20",6,1993,8.80566666666667,-82.477402,27.889299
"21",6,1994,16.3778333333333,-82.477402,27.889299
"22",6,1995,15.5383333333333,-82.477402,27.889299
"23",6,1996,7.97691666666667,-82.477402,27.889299
"24",6,1997,11.0524166666667,-82.477402,27.889299
"25",6,1998,18.2911666666667,-82.477402,27.889299
"26",6,1999,8.99916666666667,-82.477402,27.889299
"27",6,2000,8.45375,-82.477402,27.889299
"28",6,2001,11.1793333333333,-82.477402,27.889299
"29",6,2002,10.8335833333333,-82.477402,27.889299
"30",6,2003,12.3700833333333,-82.477402,27.889299
"31",6,2004,11.4692,-82.477402,27.889299
"32",6,2005,11.7666666666667,-82.477402,27.889299
"33",6,2006,8.725,-82.477402,27.889299
"34",6,2007,6.83333333333333,-82.477402,27.889299
"35",6,2008,11.425,-82.477402,27.889299
"36",6,2009,9.46666666666667,-82.477402,27.889299
"37",6,2010,8.14545454545455,-82.477402,27.889299
"38",6,2011,9.92727272727273,-82.477402,27.889299
"39",6,2012,12.0272727272727,-82.477402,27.889299
"40",6,2013,12.3666666666667,-82.477402,27.889299
"41",6,2014,9.04545454545454,-82.477402,27.889299
"42",6,2015,8.21666666666667,-82.477402,27.889299
"43",6,2016,14.175,-82.477402,27.889299
"44",7,1974,22.0833333333333,-82.468597,27.8589
"45",7,1975,18.25,-82.468597,27.8589
"46",7,1976,29.8416666666667,-82.468597,27.8589
"47",7,1977,31.6666666666667,-82.468597,27.8589
"48",7,1978,23,-82.468597,27.8589
"49",7,1979,26.5166666666667,-82.468597,27.8589
"50",7,1980,25.4,-82.468597,27.8589
"51",7,1981,27.8166666666667,-82.468597,27.8589
"52",7,1982,38.8181818181818,-82.468597,27.8589
"53",7,1983,26.05,-82.468597,27.8589
"54",7,1984,12.9916666666667,-82.468597,27.8589
"55",7,1985,17.4454545454545,-82.468597,27.8589
"56",7,1986,16.6916666666667,-82.468597,27.8589
"57",7,1987,10.6916666666667,-82.468597,27.8589
"58",7,1988,10.7083333333333,-82.468597,27.8589
"59",7,1989,11.8,-82.468597,27.8589
"60",7,1990,12.5003333333333,-82.468597,27.8589
"61",7,1991,10.5998333333333,-82.468597,27.8589
"62",7,1992,8.6105,-82.468597,27.8589
"63",7,1993,9.25633333333333,-82.468597,27.8589
"64",7,1994,15.4649166666667,-82.468597,27.8589
"65",7,1995,16.1444166666667,-82.468597,27.8589
"66",7,1996,8.87408333333333,-82.468597,27.8589
"67",7,1997,9.51516666666667,-82.468597,27.8589
"68",7,1998,14.7306666666667,-82.468597,27.8589
"69",7,1999,7.96075,-82.468597,27.8589
"70",7,2000,7.46016666666667,-82.468597,27.8589
"71",7,2001,8.04033333333333,-82.468597,27.8589
"72",7,2002,11.4248333333333,-82.468597,27.8589
"73",7,2003,14.6063333333333,-82.468597,27.8589
"74",7,2004,10.9125,-82.468597,27.8589
"75",7,2005,14.1083333333333,-82.468597,27.8589
"76",7,2006,10.5166666666667,-82.468597,27.8589
"77",7,2007,6.31666666666667,-82.468597,27.8589
"78",7,2008,11.2583333333333,-82.468597,27.8589
"79",7,2009,7.75,-82.468597,27.8589
"80",7,2010,8.35454545454546,-82.468597,27.8589
"81",7,2011,9.23636363636364,-82.468597,27.8589
"82",7,2012,10.84,-82.468597,27.8589
"83",7,2013,11.025,-82.468597,27.8589
"84",7,2014,10.19,-82.468597,27.8589
"85",7,2015,8.025,-82.468597,27.8589
"86",7,2016,10.4166666666667,-82.468597,27.8589
"87",8,1974,22.6666666666667,-82.409302,27.8524
"88",8,1975,22.6666666666667,-82.409302,27.8524
"89",8,1976,33.2166666666667,-82.409302,27.8524
"90",8,1977,40.7916666666667,-82.409302,27.8524
"91",8,1978,25.1363636363636,-82.409302,27.8524
"92",8,1979,52.025,-82.409302,27.8524
"93",8,1980,28.175,-82.409302,27.8524
"94",8,1981,43.525,-82.409302,27.8524
"95",8,1982,53.8,-82.409302,27.8524
"96",8,1983,23.9083333333333,-82.409302,27.8524
"97",8,1984,16.8333333333333,-82.409302,27.8524
"98",8,1985,24.5083333333333,-82.409302,27.8524
"99",8,1986,19.925,-82.409302,27.8524
"100",8,1987,16.1416666666667,-82.409302,27.8524
"101",8,1988,15.1333333333333,-82.409302,27.8524
"102",8,1989,28.85,-82.409302,27.8524
"103",8,1990,18.3636666666667,-82.409302,27.8524
"104",8,1991,18.4404166666667,-82.409302,27.8524
"105",8,1992,11.7734166666667,-82.409302,27.8524
"106",8,1993,12.7529166666667,-82.409302,27.8524
"107",8,1994,13.4300833333333,-82.409302,27.8524
"108",8,1995,20.38625,-82.409302,27.8524
"109",8,1996,13.0158333333333,-82.409302,27.8524
"110",8,1997,12.7059166666667,-82.409302,27.8524
"111",8,1998,28.23175,-82.409302,27.8524
"112",8,1999,14.4166666666667,-82.409302,27.8524
"113",8,2000,15.6214166666667,-82.409302,27.8524
"114",8,2001,6.89266666666667,-82.409302,27.8524
"115",8,2002,34.2309166666667,-82.409302,27.8524
"116",8,2003,17.5093636363636,-82.409302,27.8524
"117",8,2004,15.88,-82.409302,27.8524
"118",8,2005,10.6,-82.409302,27.8524
"119",8,2006,12.3583333333333,-82.409302,27.8524
"120",8,2007,9.36666666666667,-82.409302,27.8524
"121",8,2008,16.2416666666667,-82.409302,27.8524
"122",8,2009,18.0333333333333,-82.409302,27.8524
"123",8,2010,11.375,-82.409302,27.8524
"124",8,2011,19.8545454545455,-82.409302,27.8524
"125",8,2012,17.5272727272727,-82.409302,27.8524
"126",8,2013,15.5636363636364,-82.409302,27.8524
"127",8,2014,42.04,-82.409302,27.8524
"128",8,2015,7.61666666666667,-82.409302,27.8524
"129",8,2016,12.9666666666667,-82.409302,27.8524
"130",9,1974,13.5,-82.4272,27.786501
"131",9,1975,14.9166666666667,-82.4272,27.786501
"132",9,1976,16.3666666666667,-82.4272,27.786501
"133",9,1977,16.425,-82.4272,27.786501
"134",9,1978,17.4272727272727,-82.4272,27.786501
"135",9,1979,24.2,-82.4272,27.786501
"136",9,1980,19.5416666666667,-82.4272,27.786501
"137",9,1981,17.7666666666667,-82.4272,27.786501
"138",9,1982,23.4727272727273,-82.4272,27.786501
"139",9,1983,26.3916666666667,-82.4272,27.786501
"140",9,1984,12.0416666666667,-82.4272,27.786501
"141",9,1985,20.3333333333333,-82.4272,27.786501
"142",9,1986,12.7666666666667,-82.4272,27.786501
"143",9,1987,14.775,-82.4272,27.786501
"144",9,1988,11.925,-82.4272,27.786501
"145",9,1989,12.9583333333333,-82.4272,27.786501
"146",9,1990,11.9466666666667,-82.4272,27.786501
"147",9,1991,10.0330833333333,-82.4272,27.786501
"148",9,1992,10.3435,-82.4272,27.786501
"149",9,1993,11.28325,-82.4272,27.786501
"150",9,1994,18.041,-82.4272,27.786501
"151",9,1995,15.32725,-82.4272,27.786501
"152",9,1996,8.5255,-82.4272,27.786501
"153",9,1997,12.8844166666667,-82.4272,27.786501
"154",9,1998,17.7768333333333,-82.4272,27.786501
"155",9,1999,11.3780833333333,-82.4272,27.786501
"156",9,2000,8.807,-82.4272,27.786501
"157",9,2001,12.6416666666667,-82.4272,27.786501
"158",9,2002,9.18633333333333,-82.4272,27.786501
"159",9,2003,10.1160909090909,-82.4272,27.786501
"160",9,2004,6.94841666666667,-82.4272,27.786501
"161",9,2005,12.2833333333333,-82.4272,27.786501
"162",9,2006,6.825,-82.4272,27.786501
"163",9,2007,8.51666666666667,-82.4272,27.786501
"164",9,2008,10.2166666666667,-82.4272,27.786501
"165",9,2009,11.9666666666667,-82.4272,27.786501
"166",9,2010,8.00833333333333,-82.4272,27.786501
"167",9,2011,13.9454545454545,-82.4272,27.786501
"168",9,2012,13.1636363636364,-82.4272,27.786501
"169",9,2013,7.85833333333333,-82.4272,27.786501
"170",9,2014,12.04,-82.4272,27.786501
"171",9,2015,9.03333333333333,-82.4272,27.786501
"172",9,2016,8.33333333333333,-82.4272,27.786501
"173",11,1974,16.3333333333333,-82.478897,27.812901
"174",11,1975,16,-82.478897,27.812901
"175",11,1976,20.5,-82.478897,27.812901
"176",11,1977,18.4916666666667,-82.478897,27.812901
"177",11,1978,16.6583333333333,-82.478897,27.812901
"178",11,1979,26.025,-82.478897,27.812901
"179",11,1980,19.7833333333333,-82.478897,27.812901
"180",11,1981,17.6166666666667,-82.478897,27.812901
"181",11,1982,33.2,-82.478897,27.812901
"182",11,1983,30.6416666666667,-82.478897,27.812901
"183",11,1984,13.5583333333333,-82.478897,27.812901
"184",11,1985,15.9416666666667,-82.478897,27.812901
"185",11,1986,10.4583333333333,-82.478897,27.812901
"186",11,1987,9.11666666666667,-82.478897,27.812901
"187",11,1988,11.0583333333333,-82.478897,27.812901
"188",11,1989,8.44166666666667,-82.478897,27.812901
"189",11,1990,11.8523333333333,-82.478897,27.812901
"190",11,1991,13.74925,-82.478897,27.812901
"191",11,1992,7.026,-82.478897,27.812901
"192",11,1993,7.23266666666667,-82.478897,27.812901
"193",11,1994,15.3095833333333,-82.478897,27.812901
"194",11,1995,11.3290833333333,-82.478897,27.812901
"195",11,1996,6.61316666666667,-82.478897,27.812901
"196",11,1997,9.20458333333333,-82.478897,27.812901
"197",11,1998,12.5515,-82.478897,27.812901
"198",11,1999,7.49191666666667,-82.478897,27.812901
"199",11,2000,6.23558333333333,-82.478897,27.812901
"200",11,2001,7.17441666666667,-82.478897,27.812901
"201",11,2002,8.064,-82.478897,27.812901
"202",11,2003,9.462,-82.478897,27.812901
"203",11,2004,7.56716666666667,-82.478897,27.812901
"204",11,2005,7.45,-82.478897,27.812901
"205",11,2006,5.55,-82.478897,27.812901
"206",11,2007,5.775,-82.478897,27.812901
"207",11,2008,7.925,-82.478897,27.812901
"208",11,2009,5.09166666666667,-82.478897,27.812901
"209",11,2010,6.55454545454545,-82.478897,27.812901
"210",11,2011,8.86363636363636,-82.478897,27.812901
"211",11,2012,9.81111111111111,-82.478897,27.812901
"212",11,2013,7.25833333333333,-82.478897,27.812901
"213",11,2014,7.88,-82.478897,27.812901
"214",11,2015,6.18181818181818,-82.478897,27.812901
"215",11,2016,7.05833333333333,-82.478897,27.812901
"216",13,1974,9.25,-82.523201,27.8118
"217",13,1975,14.1538461538462,-82.523201,27.8118
"218",13,1976,11.0818181818182,-82.523201,27.8118
"219",13,1977,10.3545454545455,-82.523201,27.8118
"220",13,1978,12.1083333333333,-82.523201,27.8118
"221",13,1979,17.2083333333333,-82.523201,27.8118
"222",13,1980,14.7083333333333,-82.523201,27.8118
"223",13,1981,13.3090909090909,-82.523201,27.8118
"224",13,1982,17.8,-82.523201,27.8118
"225",13,1983,17.3333333333333,-82.523201,27.8118
"226",13,1984,9.98333333333333,-82.523201,27.8118
"227",13,1985,11.1083333333333,-82.523201,27.8118
"228",13,1986,7.26,-82.523201,27.8118
"229",13,1987,8.60833333333333,-82.523201,27.8118
"230",13,1988,6.00833333333333,-82.523201,27.8118
"231",13,1989,7.675,-82.523201,27.8118
"232",13,1990,5.57833333333333,-82.523201,27.8118
"233",13,1991,5.30241666666667,-82.523201,27.8118
"234",13,1992,5.54236363636364,-82.523201,27.8118
"235",13,1993,5.2335,-82.523201,27.8118
"236",13,1994,7.74816666666667,-82.523201,27.8118
"237",13,1995,9.84625,-82.523201,27.8118
"238",13,1996,4.84183333333333,-82.523201,27.8118
"239",13,1997,6.57866666666667,-82.523201,27.8118
"240",13,1998,12.41075,-82.523201,27.8118
"241",13,1999,6.04416666666667,-82.523201,27.8118
"242",13,2000,5.42825,-82.523201,27.8118
"243",13,2001,7.44966666666667,-82.523201,27.8118
"244",13,2002,5.09466666666667,-82.523201,27.8118
"245",13,2003,6.15625,-82.523201,27.8118
"246",13,2004,5.42525,-82.523201,27.8118
"247",13,2005,10.55,-82.523201,27.8118
"248",13,2006,4.775,-82.523201,27.8118
"249",13,2007,4.93333333333333,-82.523201,27.8118
"250",13,2008,6.23333333333333,-82.523201,27.8118
"251",13,2009,5.1,-82.523201,27.8118
"252",13,2010,6.66363636363636,-82.523201,27.8118
"253",13,2011,8.2,-82.523201,27.8118
"254",13,2012,7.05714285714286,-82.523201,27.8118
"255",13,2013,7.23,-82.523201,27.8118
"256",13,2014,7.63636363636364,-82.523201,27.8118
"257",13,2015,6.07272727272727,-82.523201,27.8118
"258",13,2016,4.825,-82.523201,27.8118
"259",14,1974,6.81818181818182,-82.520302,27.778
"260",14,1975,8.75,-82.520302,27.778
"261",14,1976,9.61666666666667,-82.520302,27.778
"262",14,1977,8.48333333333333,-82.520302,27.778
"263",14,1978,8.19166666666667,-82.520302,27.778
"264",14,1979,16.1416666666667,-82.520302,27.778
"265",14,1980,14.325,-82.520302,27.778
"266",14,1981,12.7416666666667,-82.520302,27.778
"267",14,1982,13.0090909090909,-82.520302,27.778
"268",14,1983,17.5833333333333,-82.520302,27.778
"269",14,1984,8.68333333333333,-82.520302,27.778
"270",14,1985,11.5166666666667,-82.520302,27.778
"271",14,1986,6.64166666666667,-82.520302,27.778
"272",14,1987,7.08333333333333,-82.520302,27.778
"273",14,1988,6.025,-82.520302,27.778
"274",14,1989,5.88333333333333,-82.520302,27.778
"275",14,1990,5.40090909090909,-82.520302,27.778
"276",14,1991,5.72866666666667,-82.520302,27.778
"277",14,1992,4.32525,-82.520302,27.778
"278",14,1993,3.49216666666667,-82.520302,27.778
"279",14,1994,8.715,-82.520302,27.778
"280",14,1995,7.74191666666667,-82.520302,27.778
"281",14,1996,4.36325,-82.520302,27.778
"282",14,1997,4.65475,-82.520302,27.778
"283",14,1998,9.18875,-82.520302,27.778
"284",14,1999,4.67533333333333,-82.520302,27.778
"285",14,2000,3.92825,-82.520302,27.778
"286",14,2001,6.5375,-82.520302,27.778
"287",14,2002,4.34091666666667,-82.520302,27.778
"288",14,2003,5.46658333333333,-82.520302,27.778
"289",14,2004,6.07918181818182,-82.520302,27.778
"290",14,2005,7.3,-82.520302,27.778
"291",14,2006,3.93333333333333,-82.520302,27.778
"292",14,2007,4.66666666666667,-82.520302,27.778
"293",14,2008,4.53333333333333,-82.520302,27.778
"294",14,2009,5.11666666666667,-82.520302,27.778
"295",14,2010,4.6,-82.520302,27.778
"296",14,2011,5.0625,-82.520302,27.778
"297",14,2012,11.82,-82.520302,27.778
"298",14,2013,7.07,-82.520302,27.778
"299",14,2014,6.68888888888889,-82.520302,27.778
"300",14,2015,6.01666666666667,-82.520302,27.778
"301",14,2016,5.2,-82.520302,27.778
"302",16,1974,5.2,-82.533798,27.723801
"303",16,1975,7.90909090909091,-82.533798,27.723801
"304",16,1976,4.21666666666667,-82.533798,27.723801
"305",16,1977,8.84545454545455,-82.533798,27.723801
"306",16,1978,8.09,-82.533798,27.723801
"307",16,1979,8.81666666666667,-82.533798,27.723801
"308",16,1980,10.7416666666667,-82.533798,27.723801
"309",16,1981,8.43333333333333,-82.533798,27.723801
"310",16,1982,10.0363636363636,-82.533798,27.723801
"311",16,1983,12.925,-82.533798,27.723801
"312",16,1984,7.06666666666667,-82.533798,27.723801
"313",16,1985,8.61666666666667,-82.533798,27.723801
"314",16,1986,4.94166666666667,-82.533798,27.723801
"315",16,1987,5.08333333333333,-82.533798,27.723801
"316",16,1988,4.55,-82.533798,27.723801
"317",16,1989,5.94166666666667,-82.533798,27.723801
"318",16,1990,6.1085,-82.533798,27.723801
"319",16,1991,3.96666666666667,-82.533798,27.723801
"320",16,1992,5.07433333333333,-82.533798,27.723801
"321",16,1993,3.90941666666667,-82.533798,27.723801
"322",16,1994,6.69441666666667,-82.533798,27.723801
"323",16,1995,6.74533333333333,-82.533798,27.723801
"324",16,1996,2.89158333333333,-82.533798,27.723801
"325",16,1997,5.67091666666667,-82.533798,27.723801
"326",16,1998,7.86208333333333,-82.533798,27.723801
"327",16,1999,4.89341666666667,-82.533798,27.723801
"328",16,2000,4.06266666666667,-82.533798,27.723801
"329",16,2001,4.41316666666667,-82.533798,27.723801
"330",16,2002,3.97325,-82.533798,27.723801
"331",16,2003,5.1495,-82.533798,27.723801
"332",16,2004,3.94444444444444,-82.533798,27.723801
"333",16,2005,5.38181818181818,-82.533798,27.723801
"334",16,2006,3.925,-82.533798,27.723801
"335",16,2007,4.03333333333333,-82.533798,27.723801
"336",16,2008,3.20833333333333,-82.533798,27.723801
"337",16,2009,4.15833333333333,-82.533798,27.723801
"338",16,2010,4.95454545454545,-82.533798,27.723801
"339",16,2011,7.46666666666667,-82.533798,27.723801
"340",16,2012,7.45555555555556,-82.533798,27.723801
"341",16,2013,5.65,-82.533798,27.723801
"342",16,2014,5.28888888888889,-82.533798,27.723801
"343",16,2015,8.98333333333333,-82.533798,27.723801
"344",16,2016,3.61666666666667,-82.533798,27.723801
"345",19,1974,4.5,-82.555901,27.693399
"346",19,1975,5.63636363636364,-82.555901,27.693399
"347",19,1976,4.06666666666667,-82.555901,27.693399
"348",19,1977,6.03333333333333,-82.555901,27.693399
"349",19,1978,6.62,-82.555901,27.693399
"350",19,1979,8.65833333333333,-82.555901,27.693399
"351",19,1980,8.13333333333333,-82.555901,27.693399
"352",19,1981,7.7,-82.555901,27.693399
"353",19,1982,7.54545454545455,-82.555901,27.693399
"354",19,1983,10.5666666666667,-82.555901,27.693399
"355",19,1984,5.50833333333333,-82.555901,27.693399
"356",19,1985,5.18333333333333,-82.555901,27.693399
"357",19,1986,5.18181818181818,-82.555901,27.693399
"358",19,1987,4.13333333333333,-82.555901,27.693399
"359",19,1988,4.01666666666667,-82.555901,27.693399
"360",19,1989,6.05833333333333,-82.555901,27.693399
"361",19,1990,4.83008333333333,-82.555901,27.693399
"362",19,1991,3.76766666666667,-82.555901,27.693399
"363",19,1992,4.356,-82.555901,27.693399
"364",19,1993,3.21216666666667,-82.555901,27.693399
"365",19,1994,6.81825,-82.555901,27.693399
"366",19,1995,6.02166666666667,-82.555901,27.693399
"367",19,1996,2.52758333333333,-82.555901,27.693399
"368",19,1997,5.17563636363636,-82.555901,27.693399
"369",19,1998,6.84008333333333,-82.555901,27.693399
"370",19,1999,4.75027272727273,-82.555901,27.693399
"371",19,2000,3.61241666666667,-82.555901,27.693399
"372",19,2001,3.76616666666667,-82.555901,27.693399
"373",19,2002,3.99775,-82.555901,27.693399
"374",19,2003,4.34825,-82.555901,27.693399
"375",19,2004,4.175,-82.555901,27.693399
"376",19,2005,4.41818181818182,-82.555901,27.693399
"377",19,2006,3.80909090909091,-82.555901,27.693399
"378",19,2007,3.43333333333333,-82.555901,27.693399
"379",19,2008,2.925,-82.555901,27.693399
"380",19,2009,3.84166666666667,-82.555901,27.693399
"381",19,2010,4.41818181818182,-82.555901,27.693399
"382",19,2011,7.9,-82.555901,27.693399
"383",19,2012,7.18571428571429,-82.555901,27.693399
"384",19,2013,4.99090909090909,-82.555901,27.693399
"385",19,2014,4.975,-82.555901,27.693399
"386",19,2015,4.66666666666667,-82.555901,27.693399
"387",19,2016,3.13333333333333,-82.555901,27.693399
"388",23,1974,5.66666666666667,-82.599197,27.666
"389",23,1975,8,-82.599197,27.666
"390",23,1976,5.95,-82.599197,27.666
"391",23,1977,4.80833333333333,-82.599197,27.666
"392",23,1978,4.58333333333333,-82.599197,27.666
"393",23,1979,7.11666666666667,-82.599197,27.666
"394",23,1980,6.79166666666667,-82.599197,27.666
"395",23,1981,6.79166666666667,-82.599197,27.666
"396",23,1982,6.48181818181818,-82.599197,27.666
"397",23,1983,8.475,-82.599197,27.666
"398",23,1984,4.775,-82.599197,27.666
"399",23,1985,5.85,-82.599197,27.666
"400",23,1986,4.17,-82.599197,27.666
"401",23,1987,3.75,-82.599197,27.666
"402",23,1988,4.01666666666667,-82.599197,27.666
"403",23,1989,6.19166666666667,-82.599197,27.666
"404",23,1990,4.084,-82.599197,27.666
"405",23,1991,3.72725,-82.599197,27.666
"406",23,1992,4.5885,-82.599197,27.666
"407",23,1993,3.87483333333333,-82.599197,27.666
"408",23,1994,5.47108333333333,-82.599197,27.666
"409",23,1995,5.29425,-82.599197,27.666
"410",23,1996,2.47309090909091,-82.599197,27.666
"411",23,1997,4.3965,-82.599197,27.666
"412",23,1998,5.43558333333333,-82.599197,27.666
"413",23,1999,4.2455,-82.599197,27.666
"414",23,2000,3.54190909090909,-82.599197,27.666
"415",23,2001,3.62416666666667,-82.599197,27.666
"416",23,2002,4.23616666666667,-82.599197,27.666
"417",23,2003,4.04291666666667,-82.599197,27.666
"418",23,2004,7.237,-82.599197,27.666
"419",23,2005,6.5,-82.599197,27.666
"420",23,2006,3.83333333333333,-82.599197,27.666
"421",23,2007,3.69166666666667,-82.599197,27.666
"422",23,2008,2.89166666666667,-82.599197,27.666
"423",23,2009,4.725,-82.599197,27.666
"424",23,2010,4.14545454545455,-82.599197,27.666
"425",23,2011,7.02,-82.599197,27.666
"426",23,2012,6.56,-82.599197,27.666
"427",23,2013,4.47142857142857,-82.599197,27.666
"428",23,2014,4,-82.599197,27.666
"429",23,2015,4.46666666666667,-82.599197,27.666
"430",23,2016,3.45454545454545,-82.599197,27.666
"431",24,1974,3.44444444444444,-82.619301,27.5884
"432",24,1975,4.8,-82.619301,27.5884
"433",24,1976,4.66666666666667,-82.619301,27.5884
"434",24,1977,5.84166666666667,-82.619301,27.5884
"435",24,1978,5.94166666666667,-82.619301,27.5884
"436",24,1979,6.69166666666667,-82.619301,27.5884
"437",24,1980,5.825,-82.619301,27.5884
"438",24,1981,5,-82.619301,27.5884
"439",24,1982,6.36363636363636,-82.619301,27.5884
"440",24,1983,9.35833333333333,-82.619301,27.5884
"441",24,1984,4,-82.619301,27.5884
"442",24,1985,4.74166666666667,-82.619301,27.5884
"443",24,1986,4.5,-82.619301,27.5884
"444",24,1987,4.45833333333333,-82.619301,27.5884
"445",24,1988,3.425,-82.619301,27.5884
"446",24,1989,5.325,-82.619301,27.5884
"447",24,1990,4.50791666666667,-82.619301,27.5884
"448",24,1991,4.49927272727273,-82.619301,27.5884
"449",24,1992,3.88608333333333,-82.619301,27.5884
"450",24,1993,2.98458333333333,-82.619301,27.5884
"451",24,1994,6.28783333333333,-82.619301,27.5884
"452",24,1995,3.50708333333333,-82.619301,27.5884
"453",24,1996,2.62158333333333,-82.619301,27.5884
"454",24,1997,5.29391666666667,-82.619301,27.5884
"455",24,1998,8.2715,-82.619301,27.5884
"456",24,1999,5.32075,-82.619301,27.5884
"457",24,2000,5.61258333333333,-82.619301,27.5884
"458",24,2001,5.39525,-82.619301,27.5884
"459",24,2002,4.60908333333333,-82.619301,27.5884
"460",24,2003,4.98416666666667,-82.619301,27.5884
"461",24,2004,7.49636363636364,-82.619301,27.5884
"462",24,2005,5.18181818181818,-82.619301,27.5884
"463",24,2006,3.97272727272727,-82.619301,27.5884
"464",24,2007,3.60833333333333,-82.619301,27.5884
"465",24,2008,3.1,-82.619301,27.5884
"466",24,2009,4.18333333333333,-82.619301,27.5884
"467",24,2010,5.15454545454545,-82.619301,27.5884
"468",24,2011,5.875,-82.619301,27.5884
"469",24,2012,5.6875,-82.619301,27.5884
"470",24,2013,5.31428571428571,-82.619301,27.5884
"471",24,2014,4.26666666666667,-82.619301,27.5884
"472",24,2015,4.33636363636364,-82.619301,27.5884
"473",24,2016,3.35454545454545,-82.619301,27.5884
"474",25,1974,4.9,-82.6679,27.662701
"475",25,1975,7.90909090909091,-82.6679,27.662701
"476",25,1976,7.56666666666667,-82.6679,27.662701
"477",25,1977,8.375,-82.6679,27.662701
"478",25,1978,7.89166666666667,-82.6679,27.662701
"479",25,1979,11.1,-82.6679,27.662701
"480",25,1980,8.49166666666667,-82.6679,27.662701
"481",25,1981,8.95833333333333,-82.6679,27.662701
"482",25,1982,7.1,-82.6679,27.662701
"483",25,1983,8.1,-82.6679,27.662701
"484",25,1984,5.575,-82.6679,27.662701
"485",25,1985,6.375,-82.6679,27.662701
"486",25,1986,6.5,-82.6679,27.662701
"487",25,1987,5.10833333333333,-82.6679,27.662701
"488",25,1988,5,-82.6679,27.662701
"489",25,1989,6.93333333333333,-82.6679,27.662701
"490",25,1990,6.735,-82.6679,27.662701
"491",25,1991,4.79158333333333,-82.6679,27.662701
"492",25,1992,5.26316666666667,-82.6679,27.662701
"493",25,1993,4.86291666666667,-82.6679,27.662701
"494",25,1994,7.60716666666667,-82.6679,27.662701
"495",25,1995,5.66716666666667,-82.6679,27.662701
"496",25,1996,2.90681818181818,-82.6679,27.662701
"497",25,1997,6.31483333333333,-82.6679,27.662701
"498",25,1998,8.98983333333333,-82.6679,27.662701
"499",25,1999,5.4505,-82.6679,27.662701
"500",25,2000,6.26909090909091,-82.6679,27.662701
"501",25,2001,5.51436363636364,-82.6679,27.662701
"502",25,2002,5.13183333333333,-82.6679,27.662701
"503",25,2003,4.92608333333333,-82.6679,27.662701
"504",25,2004,5.2,-82.6679,27.662701
"505",25,2005,5.09,-82.6679,27.662701
"506",25,2006,4.45454545454545,-82.6679,27.662701
"507",25,2007,4.35833333333333,-82.6679,27.662701
"508",25,2008,2.975,-82.6679,27.662701
"509",25,2009,4.16666666666667,-82.6679,27.662701
"510",25,2010,5.13636363636364,-82.6679,27.662701
"511",25,2011,6.1,-82.6679,27.662701
"512",25,2012,5.3,-82.6679,27.662701
"513",25,2013,5.55714285714286,-82.6679,27.662701
"514",25,2014,4.41111111111111,-82.6679,27.662701
"515",25,2015,4.40909090909091,-82.6679,27.662701
"516",25,2016,3.38333333333333,-82.6679,27.662701
"517",28,1974,7.81818181818182,-82.6092,27.708401
"518",28,1975,8.63636363636364,-82.6092,27.708401
"519",28,1976,6.15454545454545,-82.6092,27.708401
"520",28,1977,8,-82.6092,27.708401
"521",28,1978,6.90833333333333,-82.6092,27.708401
"522",28,1979,12.275,-82.6092,27.708401
"523",28,1980,11.4166666666667,-82.6092,27.708401
"524",28,1981,13.2833333333333,-82.6092,27.708401
"525",28,1982,10.2636363636364,-82.6092,27.708401
"526",28,1983,14.7818181818182,-82.6092,27.708401
"527",28,1984,6.01666666666667,-82.6092,27.708401
"528",28,1985,7.225,-82.6092,27.708401
"529",28,1986,5.96666666666667,-82.6092,27.708401
"530",28,1987,6.60833333333333,-82.6092,27.708401
"531",28,1988,5.55833333333333,-82.6092,27.708401
"532",28,1989,7.65833333333333,-82.6092,27.708401
"533",28,1990,6.53733333333333,-82.6092,27.708401
"534",28,1991,5.0635,-82.6092,27.708401
"535",28,1992,6.01575,-82.6092,27.708401
"536",28,1993,4.28183333333333,-82.6092,27.708401
"537",28,1994,9.29675,-82.6092,27.708401
"538",28,1995,8.25041666666667,-82.6092,27.708401
"539",28,1996,3.33581818181818,-82.6092,27.708401
"540",28,1997,5.7455,-82.6092,27.708401
"541",28,1998,9.963,-82.6092,27.708401
"542",28,1999,5.43809090909091,-82.6092,27.708401
"543",28,2000,5.67636363636364,-82.6092,27.708401
"544",28,2001,5.55381818181818,-82.6092,27.708401
"545",28,2002,4.28858333333333,-82.6092,27.708401
"546",28,2003,6.33383333333333,-82.6092,27.708401
"547",28,2004,6.45309090909091,-82.6092,27.708401
"548",28,2005,5.28571428571429,-82.6092,27.708401
"549",28,2006,3.91818181818182,-82.6092,27.708401
"550",28,2007,3.475,-82.6092,27.708401
"551",28,2008,2.61666666666667,-82.6092,27.708401
"552",28,2009,4.35,-82.6092,27.708401
"553",28,2010,4.22727272727273,-82.6092,27.708401
"554",28,2011,7.96666666666667,-82.6092,27.708401
"555",28,2012,7.78571428571429,-82.6092,27.708401
"556",28,2013,5.3,-82.6092,27.708401
"557",28,2014,5.9375,-82.6092,27.708401
"558",28,2015,4.83636363636364,-82.6092,27.708401
"559",28,2016,3.23333333333333,-82.6092,27.708401
"560",32,1974,8.63636363636364,-82.570702,27.7932
"561",32,1975,10.9230769230769,-82.570702,27.7932
"562",32,1976,8.25454545454545,-82.570702,27.7932
"563",32,1977,10.8,-82.570702,27.7932
"564",32,1978,9.29166666666667,-82.570702,27.7932
"565",32,1979,15.2,-82.570702,27.7932
"566",32,1980,15.2916666666667,-82.570702,27.7932
"567",32,1981,12.0583333333333,-82.570702,27.7932
"568",32,1982,14.5272727272727,-82.570702,27.7932
"569",32,1983,14.725,-82.570702,27.7932
"570",32,1984,9.71666666666667,-82.570702,27.7932
"571",32,1985,10.625,-82.570702,27.7932
"572",32,1986,8.28181818181818,-82.570702,27.7932
"573",32,1987,7.9,-82.570702,27.7932
"574",32,1988,7.61666666666667,-82.570702,27.7932
"575",32,1989,9.41666666666667,-82.570702,27.7932
"576",32,1990,7.82158333333333,-82.570702,27.7932
"577",32,1991,7.61225,-82.570702,27.7932
"578",32,1992,4.79272727272727,-82.570702,27.7932
"579",32,1993,7.37283333333333,-82.570702,27.7932
"580",32,1994,7.72791666666667,-82.570702,27.7932
"581",32,1995,7.46083333333333,-82.570702,27.7932
"582",32,1996,6.86766666666667,-82.570702,27.7932
"583",32,1997,8.09191666666667,-82.570702,27.7932
"584",32,1998,9.50341666666667,-82.570702,27.7932
"585",32,1999,7.97666666666667,-82.570702,27.7932
"586",32,2000,6.97608333333333,-82.570702,27.7932
"587",32,2001,8.12391666666667,-82.570702,27.7932
"588",32,2002,5.37375,-82.570702,27.7932
"589",32,2003,5.63281818181818,-82.570702,27.7932
"590",32,2004,5.7325,-82.570702,27.7932
"591",32,2005,8.26666666666667,-82.570702,27.7932
"592",32,2006,5.35833333333333,-82.570702,27.7932
"593",32,2007,5.275,-82.570702,27.7932
"594",32,2008,5.08333333333333,-82.570702,27.7932
"595",32,2009,5.13333333333333,-82.570702,27.7932
"596",32,2010,6.875,-82.570702,27.7932
"597",32,2011,9.36666666666667,-82.570702,27.7932
"598",32,2012,7.95,-82.570702,27.7932
"599",32,2013,8.53333333333333,-82.570702,27.7932
"600",32,2014,8.75,-82.570702,27.7932
"601",32,2015,8.65833333333333,-82.570702,27.7932
"602",32,2016,5.55833333333333,-82.570702,27.7932
"603",33,1974,9.36363636363636,-82.567497,27.826099
"604",33,1975,12.5384615384615,-82.567497,27.826099
"605",33,1976,9.59090909090909,-82.567497,27.826099
"606",33,1977,11.2181818181818,-82.567497,27.826099
"607",33,1978,9.6,-82.567497,27.826099
"608",33,1979,16.375,-82.567497,27.826099
"609",33,1980,15.8666666666667,-82.567497,27.826099
"610",33,1981,11.5333333333333,-82.567497,27.826099
"611",33,1982,15.8090909090909,-82.567497,27.826099
"612",33,1983,16.0166666666667,-82.567497,27.826099
"613",33,1984,10.0416666666667,-82.567497,27.826099
"614",33,1985,14.45,-82.567497,27.826099
"615",33,1986,9.5,-82.567497,27.826099
"616",33,1987,9.625,-82.567497,27.826099
"617",33,1988,6.5,-82.567497,27.826099
"618",33,1989,10.1,-82.567497,27.826099
"619",33,1990,8.14575,-82.567497,27.826099
"620",33,1991,7.80075,-82.567497,27.826099
"621",33,1992,5.79163636363636,-82.567497,27.826099
"622",33,1993,6.92791666666667,-82.567497,27.826099
"623",33,1994,8.95916666666667,-82.567497,27.826099
"624",33,1995,9.18016666666667,-82.567497,27.826099
"625",33,1996,7.20175,-82.567497,27.826099
"626",33,1997,8.63675,-82.567497,27.826099
"627",33,1998,15.30075,-82.567497,27.826099
"628",33,1999,9.08475,-82.567497,27.826099
"629",33,2000,5.88483333333333,-82.567497,27.826099
"630",33,2001,8.8765,-82.567497,27.826099
"631",33,2002,6.78441666666667,-82.567497,27.826099
"632",33,2003,11.2676363636364,-82.567497,27.826099
"633",33,2004,8.17091666666667,-82.567497,27.826099
"634",33,2005,7.45833333333333,-82.567497,27.826099
"635",33,2006,5.61666666666667,-82.567497,27.826099
"636",33,2007,7.30833333333333,-82.567497,27.826099
"637",33,2008,5.325,-82.567497,27.826099
"638",33,2009,5.48333333333333,-82.567497,27.826099
"639",33,2010,6.80909090909091,-82.567497,27.826099
"640",33,2011,10.4333333333333,-82.567497,27.826099
"641",33,2012,7.89090909090909,-82.567497,27.826099
"642",33,2013,8.44545454545455,-82.567497,27.826099
"643",33,2014,8.21666666666667,-82.567497,27.826099
"644",33,2015,13.2166666666667,-82.567497,27.826099
"645",33,2016,9.01666666666667,-82.567497,27.826099
"646",36,1974,8.58333333333333,-82.553299,27.855801
"647",36,1975,11.5384615384615,-82.553299,27.855801
"648",36,1976,10.1454545454545,-82.553299,27.855801
"649",36,1977,10.6636363636364,-82.553299,27.855801
"650",36,1978,11.375,-82.553299,27.855801
"651",36,1979,16.925,-82.553299,27.855801
"652",36,1980,14.8,-82.553299,27.855801
"653",36,1981,11.0083333333333,-82.553299,27.855801
"654",36,1982,16.4545454545455,-82.553299,27.855801
"655",36,1983,18.275,-82.553299,27.855801
"656",36,1984,9.31666666666667,-82.553299,27.855801
"657",36,1985,11.875,-82.553299,27.855801
"658",36,1986,9.65,-82.553299,27.855801
"659",36,1987,10.3083333333333,-82.553299,27.855801
"660",36,1988,7.26666666666667,-82.553299,27.855801
"661",36,1989,7.69166666666667,-82.553299,27.855801
"662",36,1990,7.13266666666667,-82.553299,27.855801
"663",36,1991,7.08708333333333,-82.553299,27.855801
"664",36,1992,5.38236363636364,-82.553299,27.855801
"665",36,1993,6.33491666666667,-82.553299,27.855801
"666",36,1994,9.92608333333333,-82.553299,27.855801
"667",36,1995,9.12333333333333,-82.553299,27.855801
"668",36,1996,5.676,-82.553299,27.855801
"669",36,1997,8.08375,-82.553299,27.855801
"670",36,1998,13.9815,-82.553299,27.855801
"671",36,1999,10.0414166666667,-82.553299,27.855801
"672",36,2000,6.24291666666667,-82.553299,27.855801
"673",36,2001,7.76183333333333,-82.553299,27.855801
"674",36,2002,5.93533333333333,-82.553299,27.855801
"675",36,2003,10.3906363636364,-82.553299,27.855801
"676",36,2004,8.44183333333333,-82.553299,27.855801
"677",36,2005,7.7,-82.553299,27.855801
"678",36,2006,5.5,-82.553299,27.855801
"679",36,2007,6.89166666666667,-82.553299,27.855801
"680",36,2008,5.04166666666667,-82.553299,27.855801
"681",36,2009,6.275,-82.553299,27.855801
"682",36,2010,7.16666666666667,-82.553299,27.855801
"683",36,2011,8.81,-82.553299,27.855801
"684",36,2012,7.88181818181818,-82.553299,27.855801
"685",36,2013,8.51666666666667,-82.553299,27.855801
"686",36,2014,8.01666666666667,-82.553299,27.855801
"687",36,2015,12.1545454545455,-82.553299,27.855801
"688",36,2016,7.68333333333333,-82.553299,27.855801
"689",38,1974,8,-82.577499,27.8818
"690",38,1975,13.0833333333333,-82.577499,27.8818
"691",38,1976,12.8636363636364,-82.577499,27.8818
"692",38,1977,9.53636363636364,-82.577499,27.8818
"693",38,1978,9.31666666666667,-82.577499,27.8818
"694",38,1979,16.1,-82.577499,27.8818
"695",38,1980,13.3416666666667,-82.577499,27.8818
"696",38,1981,11.1833333333333,-82.577499,27.8818
"697",38,1982,11.6909090909091,-82.577499,27.8818
"698",38,1983,18.825,-82.577499,27.8818
"699",38,1984,8.95,-82.577499,27.8818
"700",38,1985,11.4666666666667,-82.577499,27.8818
"701",38,1986,10.325,-82.577499,27.8818
"702",38,1987,9.20833333333333,-82.577499,27.8818
"703",38,1988,6.425,-82.577499,27.8818
"704",38,1989,8.15,-82.577499,27.8818
"705",38,1990,9.78358333333333,-82.577499,27.8818
"706",38,1991,6.30566666666667,-82.577499,27.8818
"707",38,1992,6.78991666666667,-82.577499,27.8818
"708",38,1993,7.65391666666667,-82.577499,27.8818
"709",38,1994,9.42733333333333,-82.577499,27.8818
"710",38,1995,11.0043333333333,-82.577499,27.8818
"711",38,1996,6.29741666666667,-82.577499,27.8818
"712",38,1997,9.085,-82.577499,27.8818
"713",38,1998,12.0925833333333,-82.577499,27.8818
"714",38,1999,9.30927272727273,-82.577499,27.8818
"715",38,2000,6.012,-82.577499,27.8818
"716",38,2001,6.68066666666667,-82.577499,27.8818
"717",38,2002,6.5565,-82.577499,27.8818
"718",38,2003,10.8935,-82.577499,27.8818
"719",38,2004,7.85766666666667,-82.577499,27.8818
"720",38,2005,6.45,-82.577499,27.8818
"721",38,2006,5.44166666666667,-82.577499,27.8818
"722",38,2007,6.6,-82.577499,27.8818
"723",38,2008,5.675,-82.577499,27.8818
"724",38,2009,5.89166666666667,-82.577499,27.8818
"725",38,2010,7.975,-82.577499,27.8818
"726",38,2011,11.6363636363636,-82.577499,27.8818
"727",38,2012,8.11666666666667,-82.577499,27.8818
"728",38,2013,9.11111111111111,-82.577499,27.8818
"729",38,2014,10.5,-82.577499,27.8818
"730",38,2015,13.9636363636364,-82.577499,27.8818
"731",38,2016,8.56666666666667,-82.577499,27.8818
"732",40,1974,6.9,-82.587303,27.9291
"733",40,1975,10.6923076923077,-82.587303,27.9291
"734",40,1976,10,-82.587303,27.9291
"735",40,1977,11.1727272727273,-82.587303,27.9291
"736",40,1978,9.95,-82.587303,27.9291
"737",40,1979,15.825,-82.587303,27.9291
"738",40,1980,11.925,-82.587303,27.9291
"739",40,1981,13.2083333333333,-82.587303,27.9291
"740",40,1982,12.7636363636364,-82.587303,27.9291
"741",40,1983,17.2166666666667,-82.587303,27.9291
"742",40,1984,9.78333333333333,-82.587303,27.9291
"743",40,1985,11.9583333333333,-82.587303,27.9291
"744",40,1986,9.18333333333333,-82.587303,27.9291
"745",40,1987,7.675,-82.587303,27.9291
"746",40,1988,6.80833333333333,-82.587303,27.9291
"747",40,1989,9.725,-82.587303,27.9291
"748",40,1990,10.0281666666667,-82.587303,27.9291
"749",40,1991,6.95991666666667,-82.587303,27.9291
"750",40,1992,7.82666666666667,-82.587303,27.9291
"751",40,1993,9.90933333333333,-82.587303,27.9291
"752",40,1994,8.67441666666667,-82.587303,27.9291
"753",40,1995,11.10675,-82.587303,27.9291
"754",40,1996,6.87141666666667,-82.587303,27.9291
"755",40,1997,8.81158333333333,-82.587303,27.9291
"756",40,1998,11.3049166666667,-82.587303,27.9291
"757",40,1999,9.14608333333333,-82.587303,27.9291
"758",40,2000,7.30825,-82.587303,27.9291
"759",40,2001,10.7138333333333,-82.587303,27.9291
"760",40,2002,7.08316666666667,-82.587303,27.9291
"761",40,2003,14.1248333333333,-82.587303,27.9291
"762",40,2004,12.2181666666667,-82.587303,27.9291
"763",40,2005,6.62,-82.587303,27.9291
"764",40,2006,5.55,-82.587303,27.9291
"765",40,2007,6.84166666666667,-82.587303,27.9291
"766",40,2008,7.825,-82.587303,27.9291
"767",40,2009,9.46666666666667,-82.587303,27.9291
"768",40,2010,7.00833333333333,-82.587303,27.9291
"769",40,2011,22.6666666666667,-82.587303,27.9291
"770",40,2012,10.55,-82.587303,27.9291
"771",40,2013,10.5666666666667,-82.587303,27.9291
"772",40,2014,6.56,-82.587303,27.9291
"773",40,2015,10.38,-82.587303,27.9291
"774",40,2016,8.44166666666667,-82.587303,27.9291
"775",41,1974,7.45454545454545,-82.565002,27.937401
"776",41,1975,9.84615384615385,-82.565002,27.937401
"777",41,1976,10.4272727272727,-82.565002,27.937401
"778",41,1977,8.69090909090909,-82.565002,27.937401
"779",41,1978,8.20833333333333,-82.565002,27.937401
"780",41,1979,16.1083333333333,-82.565002,27.937401
"781",41,1980,13.225,-82.565002,27.937401
"782",41,1981,11.2583333333333,-82.565002,27.937401
"783",41,1982,11.0636363636364,-82.565002,27.937401
"784",41,1983,15.4916666666667,-82.565002,27.937401
"785",41,1984,9.34166666666667,-82.565002,27.937401
"786",41,1985,12.9583333333333,-82.565002,27.937401
"787",41,1986,10.1416666666667,-82.565002,27.937401
"788",41,1987,9.84166666666667,-82.565002,27.937401
"789",41,1988,7.725,-82.565002,27.937401
"790",41,1989,9.74166666666667,-82.565002,27.937401
"791",41,1990,7.8365,-82.565002,27.937401
"792",41,1991,8.1345,-82.565002,27.937401
"793",41,1992,5.808,-82.565002,27.937401
"794",41,1993,7.10291666666667,-82.565002,27.937401
"795",41,1994,7.86241666666667,-82.565002,27.937401
"796",41,1995,10.9888333333333,-82.565002,27.937401
"797",41,1996,5.45741666666667,-82.565002,27.937401
"798",41,1997,6.95141666666667,-82.565002,27.937401
"799",41,1998,7.72808333333333,-82.565002,27.937401
"800",41,1999,5.68966666666667,-82.565002,27.937401
"801",41,2000,5.149,-82.565002,27.937401
"802",41,2001,7.30025,-82.565002,27.937401
"803",41,2002,5.82883333333333,-82.565002,27.937401
"804",41,2003,9.92441666666667,-82.565002,27.937401
"805",41,2004,10.1818181818182,-82.565002,27.937401
"806",41,2005,5.57272727272727,-82.565002,27.937401
"807",41,2006,5.60833333333333,-82.565002,27.937401
"808",41,2007,6.38333333333333,-82.565002,27.937401
"809",41,2008,9.13333333333333,-82.565002,27.937401
"810",41,2009,9.575,-82.565002,27.937401
"811",41,2010,5.12727272727273,-82.565002,27.937401
"812",41,2011,10.29,-82.565002,27.937401
"813",41,2012,7.49,-82.565002,27.937401
"814",41,2013,6.21111111111111,-82.565002,27.937401
"815",41,2014,4.53333333333333,-82.565002,27.937401
"816",41,2015,7.56,-82.565002,27.937401
"817",41,2016,6.05833333333333,-82.565002,27.937401
"818",44,1974,22.8333333333333,-82.480698,27.9237
"819",44,1975,43.25,-82.480698,27.9237
"820",44,1976,30.4166666666667,-82.480698,27.9237
"821",44,1977,55,-82.480698,27.9237
"822",44,1978,23.225,-82.480698,27.9237
"823",44,1979,27.2416666666667,-82.480698,27.9237
"824",44,1980,19.8166666666667,-82.480698,27.9237
"825",44,1981,26.9,-82.480698,27.9237
"826",44,1982,37.8545454545455,-82.480698,27.9237
"827",44,1983,22.7,-82.480698,27.9237
"828",44,1984,13.95,-82.480698,27.9237
"829",44,1985,16.6666666666667,-82.480698,27.9237
"830",44,1986,18.0833333333333,-82.480698,27.9237
"831",44,1987,13.7083333333333,-82.480698,27.9237
"832",44,1988,11.425,-82.480698,27.9237
"833",44,1989,12.9416666666667,-82.480698,27.9237
"834",44,1990,11.4396666666667,-82.480698,27.9237
"835",44,1991,15.1089166666667,-82.480698,27.9237
"836",44,1992,11.287,-82.480698,27.9237
"837",44,1993,7.945,-82.480698,27.9237
"838",44,1994,20.1235833333333,-82.480698,27.9237
"839",44,1995,21.10275,-82.480698,27.9237
"840",44,1996,7.89775,-82.480698,27.9237
"841",44,1997,14.29825,-82.480698,27.9237
"842",44,1998,21.89425,-82.480698,27.9237
"843",44,1999,12.5333333333333,-82.480698,27.9237
"844",44,2000,9.47825,-82.480698,27.9237
"845",44,2001,13.5509166666667,-82.480698,27.9237
"846",44,2002,15.2196666666667,-82.480698,27.9237
"847",44,2003,11.9305833333333,-82.480698,27.9237
"848",44,2004,10.0479166666667,-82.480698,27.9237
"849",44,2005,11.9416666666667,-82.480698,27.9237
"850",44,2006,14.225,-82.480698,27.9237
"851",44,2007,8.29166666666667,-82.480698,27.9237
"852",44,2008,8.275,-82.480698,27.9237
"853",44,2009,15.1083333333333,-82.480698,27.9237
"854",44,2010,13.87,-82.480698,27.9237
"855",44,2011,14.11,-82.480698,27.9237
"856",44,2012,14.125,-82.480698,27.9237
"857",44,2013,15.3636363636364,-82.480698,27.9237
"858",44,2014,10.75,-82.480698,27.9237
"859",44,2015,13.2333333333333,-82.480698,27.9237
"860",44,2016,15.4666666666667,-82.480698,27.9237
"861",46,1974,8.72727272727273,-82.659302,27.9904
"862",46,1975,14.4615384615385,-82.659302,27.9904
"863",46,1976,11.3272727272727,-82.659302,27.9904
"864",46,1977,14.8545454545455,-82.659302,27.9904
"865",46,1978,8.35833333333333,-82.659302,27.9904
"866",46,1979,16.25,-82.659302,27.9904
"867",46,1980,10.5166666666667,-82.659302,27.9904
"868",46,1981,14.1083333333333,-82.659302,27.9904
"869",46,1982,12.3818181818182,-82.659302,27.9904
"870",46,1983,15.6833333333333,-82.659302,27.9904
"871",46,1984,9.125,-82.659302,27.9904
"872",46,1985,10.8083333333333,-82.659302,27.9904
"873",46,1986,8.79166666666667,-82.659302,27.9904
"874",46,1987,10.125,-82.659302,27.9904
"875",46,1988,8.75833333333333,-82.659302,27.9904
"876",46,1989,8.925,-82.659302,27.9904
"877",46,1990,9.8085,-82.659302,27.9904
"878",46,1991,10.92675,-82.659302,27.9904
"879",46,1992,7.90783333333333,-82.659302,27.9904
"880",46,1993,6.60116666666667,-82.659302,27.9904
"881",46,1994,11.2483333333333,-82.659302,27.9904
"882",46,1995,12.39175,-82.659302,27.9904
"883",46,1996,6.702,-82.659302,27.9904
"884",46,1997,9.42475,-82.659302,27.9904
"885",46,1998,12.744,-82.659302,27.9904
"886",46,1999,5.36633333333333,-82.659302,27.9904
"887",46,2000,10.0800833333333,-82.659302,27.9904
"888",46,2001,8.67966666666667,-82.659302,27.9904
"889",46,2002,7.69225,-82.659302,27.9904
"890",46,2003,11.27025,-82.659302,27.9904
"891",46,2004,10.9561818181818,-82.659302,27.9904
"892",46,2005,12.0454545454545,-82.659302,27.9904
"893",46,2006,6.75833333333333,-82.659302,27.9904
"894",46,2007,7.88333333333333,-82.659302,27.9904
"895",46,2008,9.64166666666667,-82.659302,27.9904
"896",46,2009,23.0583333333333,-82.659302,27.9904
"897",46,2010,7.94166666666667,-82.659302,27.9904
"898",46,2011,14.9181818181818,-82.659302,27.9904
"899",46,2012,10.5444444444444,-82.659302,27.9904
"900",46,2013,14.7222222222222,-82.659302,27.9904
"901",46,2014,9.86363636363636,-82.659302,27.9904
"902",46,2015,9.06363636363636,-82.659302,27.9904
"903",46,2016,8.68333333333333,-82.659302,27.9904
"904",47,1974,7.54545454545455,-82.620201,27.972601
"905",47,1975,10,-82.620201,27.972601
"906",47,1976,11.3090909090909,-82.620201,27.972601
"907",47,1977,12.7181818181818,-82.620201,27.972601
"908",47,1978,9.025,-82.620201,27.972601
"909",47,1979,16.9833333333333,-82.620201,27.972601
"910",47,1980,11.8666666666667,-82.620201,27.972601
"911",47,1981,12.5166666666667,-82.620201,27.972601
"912",47,1982,12.4363636363636,-82.620201,27.972601
"913",47,1983,15.15,-82.620201,27.972601
"914",47,1984,9.95833333333333,-82.620201,27.972601
"915",47,1985,11.075,-82.620201,27.972601
"916",47,1986,10.8,-82.620201,27.972601
"917",47,1987,9.85,-82.620201,27.972601
"918",47,1988,7.29166666666667,-82.620201,27.972601
"919",47,1989,8.95833333333333,-82.620201,27.972601
"920",47,1990,10.0483333333333,-82.620201,27.972601
"921",47,1991,8.75541666666667,-82.620201,27.972601
"922",47,1992,7.33783333333333,-82.620201,27.972601
"923",47,1993,7.20233333333333,-82.620201,27.972601
"924",47,1994,10.7213333333333,-82.620201,27.972601
"925",47,1995,13.3675,-82.620201,27.972601
"926",47,1996,7.4605,-82.620201,27.972601
"927",47,1997,8.89083333333333,-82.620201,27.972601
"928",47,1998,9.40141666666667,-82.620201,27.972601
"929",47,1999,5.54708333333333,-82.620201,27.972601
"930",47,2000,6.253,-82.620201,27.972601
"931",47,2001,8.19083333333333,-82.620201,27.972601
"932",47,2002,7.38483333333333,-82.620201,27.972601
"933",47,2003,11.9121666666667,-82.620201,27.972601
"934",47,2004,10.63825,-82.620201,27.972601
"935",47,2005,8.06666666666667,-82.620201,27.972601
"936",47,2006,6.925,-82.620201,27.972601
"937",47,2007,7.85,-82.620201,27.972601
"938",47,2008,13.3166666666667,-82.620201,27.972601
"939",47,2009,7.775,-82.620201,27.972601
"940",47,2010,6.53333333333333,-82.620201,27.972601
"941",47,2011,14.7636363636364,-82.620201,27.972601
"942",47,2012,5.8,-82.620201,27.972601
"943",47,2013,10.875,-82.620201,27.972601
"944",47,2014,6.24166666666667,-82.620201,27.972601
"945",47,2015,11.0818181818182,-82.620201,27.972601
"946",47,2016,8.1,-82.620201,27.972601
"947",50,1974,10.1111111111111,-82.537903,27.918501
"948",50,1975,11,-82.537903,27.918501
"949",50,1976,10.1727272727273,-82.537903,27.918501
"950",50,1977,8.24545454545455,-82.537903,27.918501
"951",50,1978,9.26666666666667,-82.537903,27.918501
"952",50,1979,14.0666666666667,-82.537903,27.918501
"953",50,1980,12.5833333333333,-82.537903,27.918501
"954",50,1981,10.35,-82.537903,27.918501
"955",50,1982,11.4545454545455,-82.537903,27.918501
"956",50,1983,14.9333333333333,-82.537903,27.918501
"957",50,1984,8.6,-82.537903,27.918501
"958",50,1985,10.0833333333333,-82.537903,27.918501
"959",50,1986,10.375,-82.537903,27.918501
"960",50,1987,8.81666666666667,-82.537903,27.918501
"961",50,1988,7.6,-82.537903,27.918501
"962",50,1989,7.44166666666667,-82.537903,27.918501
"963",50,1990,6.70409090909091,-82.537903,27.918501
"964",50,1991,6.46490909090909,-82.537903,27.918501
"965",50,1992,5.61418181818182,-82.537903,27.918501
"966",50,1993,5.61308333333333,-82.537903,27.918501
"967",50,1994,7.72416666666667,-82.537903,27.918501
"968",50,1995,9.457,-82.537903,27.918501
"969",50,1996,5.17475,-82.537903,27.918501
"970",50,1997,5.49908333333333,-82.537903,27.918501
"971",50,1998,7.49541666666667,-82.537903,27.918501
"972",50,1999,7.95008333333333,-82.537903,27.918501
"973",50,2000,4.51425,-82.537903,27.918501
"974",50,2001,6.17983333333333,-82.537903,27.918501
"975",50,2002,4.92045454545454,-82.537903,27.918501
"976",50,2003,9.02016666666667,-82.537903,27.918501
"977",50,2004,10.0443333333333,-82.537903,27.918501
"978",50,2005,4.96363636363636,-82.537903,27.918501
"979",50,2006,5.05,-82.537903,27.918501
"980",50,2007,5.66666666666667,-82.537903,27.918501
"981",50,2008,4.94166666666667,-82.537903,27.918501
"982",50,2009,6.95,-82.537903,27.918501
"983",50,2010,6.15833333333333,-82.537903,27.918501
"984",50,2011,8.48,-82.537903,27.918501
"985",50,2012,6.31111111111111,-82.537903,27.918501
"986",50,2013,7.04444444444444,-82.537903,27.918501
"987",50,2014,6.9,-82.537903,27.918501
"988",50,2015,8.38181818181818,-82.537903,27.918501
"989",50,2016,5.49166666666667,-82.537903,27.918501
"990",51,1974,8,-82.548798,27.8902
"991",51,1975,11.3846153846154,-82.548798,27.8902
"992",51,1976,10.6363636363636,-82.548798,27.8902
"993",51,1977,9.39090909090909,-82.548798,27.8902
"994",51,1978,9.95,-82.548798,27.8902
"995",51,1979,16.6583333333333,-82.548798,27.8902
"996",51,1980,13.425,-82.548798,27.8902
"997",51,1981,10.35,-82.548798,27.8902
"998",51,1982,15.1181818181818,-82.548798,27.8902
"999",51,1983,18.275,-82.548798,27.8902
"1000",51,1984,9.275,-82.548798,27.8902
"1001",51,1985,10.4166666666667,-82.548798,27.8902
"1002",51,1986,9.36666666666667,-82.548798,27.8902
"1003",51,1987,8.50833333333333,-82.548798,27.8902
"1004",51,1988,7.95833333333333,-82.548798,27.8902
"1005",51,1989,8.675,-82.548798,27.8902
"1006",51,1990,8.60018181818182,-82.548798,27.8902
"1007",51,1991,6.30875,-82.548798,27.8902
"1008",51,1992,5.60154545454545,-82.548798,27.8902
"1009",51,1993,6.13516666666667,-82.548798,27.8902
"1010",51,1994,8.06216666666667,-82.548798,27.8902
"1011",51,1995,8.44625,-82.548798,27.8902
"1012",51,1996,5.97925,-82.548798,27.8902
"1013",51,1997,6.52358333333333,-82.548798,27.8902
"1014",51,1998,8.7975,-82.548798,27.8902
"1015",51,1999,8.67691666666667,-82.548798,27.8902
"1016",51,2000,5.16908333333333,-82.548798,27.8902
"1017",51,2001,5.81208333333333,-82.548798,27.8902
"1018",51,2002,4.488,-82.548798,27.8902
"1019",51,2003,8.0445,-82.548798,27.8902
"1020",51,2004,6.73975,-82.548798,27.8902
"1021",51,2005,4.44166666666667,-82.548798,27.8902
"1022",51,2006,3.84166666666667,-82.548798,27.8902
"1023",51,2007,5.7,-82.548798,27.8902
"1024",51,2008,4.38333333333333,-82.548798,27.8902
"1025",51,2009,6.05833333333333,-82.548798,27.8902
"1026",51,2010,6.925,-82.548798,27.8902
"1027",51,2011,8.51,-82.548798,27.8902
"1028",51,2012,7.85454545454545,-82.548798,27.8902
"1029",51,2013,8.65,-82.548798,27.8902
"1030",51,2014,8.25,-82.548798,27.8902
"1031",51,2015,12.41,-82.548798,27.8902
"1032",51,2016,5.84166666666667,-82.548798,27.8902
"1033",52,1974,23.25,-82.438202,27.896999
"1034",52,1975,37.0833333333333,-82.438202,27.896999
"1035",52,1976,30.45,-82.438202,27.896999
"1036",52,1977,27.425,-82.438202,27.896999
"1037",52,1978,25.6666666666667,-82.438202,27.896999
"1038",52,1979,31.45,-82.438202,27.896999
"1039",52,1980,26.8333333333333,-82.438202,27.896999
"1040",52,1981,30.6833333333333,-82.438202,27.896999
"1041",52,1982,22.4090909090909,-82.438202,27.896999
"1042",52,1983,23.9583333333333,-82.438202,27.896999
"1043",52,1984,16.4090909090909,-82.438202,27.896999
"1044",52,1985,24.8333333333333,-82.438202,27.896999
"1045",52,1986,22.15,-82.438202,27.896999
"1046",52,1987,18.8083333333333,-82.438202,27.896999
"1047",52,1988,15.575,-82.438202,27.896999
"1048",52,1989,18.3416666666667,-82.438202,27.896999
"1049",52,1990,14.14825,-82.438202,27.896999
"1050",52,1991,15.80675,-82.438202,27.896999
"1051",52,1992,11.6708333333333,-82.438202,27.896999
"1052",52,1993,12.8681666666667,-82.438202,27.896999
"1053",52,1994,12.7498333333333,-82.438202,27.896999
"1054",52,1995,23.7224166666667,-82.438202,27.896999
"1055",52,1996,11.3118333333333,-82.438202,27.896999
"1056",52,1997,14.6826666666667,-82.438202,27.896999
"1057",52,1998,24.9580833333333,-82.438202,27.896999
"1058",52,1999,9.25158333333333,-82.438202,27.896999
"1059",52,2000,10.4881666666667,-82.438202,27.896999
"1060",52,2001,10.4629166666667,-82.438202,27.896999
"1061",52,2002,13.187,-82.438202,27.896999
"1062",52,2003,10.3413333333333,-82.438202,27.896999
"1063",52,2004,9.84075,-82.438202,27.896999
"1064",52,2005,16.3083333333333,-82.438202,27.896999
"1065",52,2006,13.3166666666667,-82.438202,27.896999
"1066",52,2007,8.625,-82.438202,27.896999
"1067",52,2008,13.825,-82.438202,27.896999
"1068",52,2009,19.9916666666667,-82.438202,27.896999
"1069",52,2010,16.2583333333333,-82.438202,27.896999
"1070",52,2011,13.7,-82.438202,27.896999
"1071",52,2012,15.3909090909091,-82.438202,27.896999
"1072",52,2013,18.2833333333333,-82.438202,27.896999
"1073",52,2014,16.425,-82.438202,27.896999
"1074",52,2015,11.5916666666667,-82.438202,27.896999
"1075",52,2016,15.375,-82.438202,27.896999
"1076",55,1974,21,-82.431396,27.8493
"1077",55,1975,20.4166666666667,-82.431396,27.8493
"1078",55,1976,25.6666666666667,-82.431396,27.8493
"1079",55,1977,21.2083333333333,-82.431396,27.8493
"1080",55,1978,19.0083333333333,-82.431396,27.8493
"1081",55,1979,26.8166666666667,-82.431396,27.8493
"1082",55,1980,20.2166666666667,-82.431396,27.8493
"1083",55,1981,22.3416666666667,-82.431396,27.8493
"1084",55,1982,27.9,-82.431396,27.8493
"1085",55,1983,23.1083333333333,-82.431396,27.8493
"1086",55,1984,13.2333333333333,-82.431396,27.8493
"1087",55,1985,19.5916666666667,-82.431396,27.8493
"1088",55,1986,13.8,-82.431396,27.8493
"1089",55,1987,14.375,-82.431396,27.8493
"1090",55,1988,12.9,-82.431396,27.8493
"1091",55,1989,12.6333333333333,-82.431396,27.8493
"1092",55,1990,13.1246666666667,-82.431396,27.8493
"1093",55,1991,11.5625833333333,-82.431396,27.8493
"1094",55,1992,11.5445,-82.431396,27.8493
"1095",55,1993,8.47891666666667,-82.431396,27.8493
"1096",55,1994,15.3185833333333,-82.431396,27.8493
"1097",55,1995,22.67625,-82.431396,27.8493
"1098",55,1996,8.5925,-82.431396,27.8493
"1099",55,1997,10.4144166666667,-82.431396,27.8493
"1100",55,1998,20.5138333333333,-82.431396,27.8493
"1101",55,1999,8.86325,-82.431396,27.8493
"1102",55,2000,6.5005,-82.431396,27.8493
"1103",55,2001,9.76816666666667,-82.431396,27.8493
"1104",55,2002,9.71483333333333,-82.431396,27.8493
"1105",55,2003,11.0038333333333,-82.431396,27.8493
"1106",55,2004,15.1830909090909,-82.431396,27.8493
"1107",55,2005,11.675,-82.431396,27.8493
"1108",55,2006,8.95833333333333,-82.431396,27.8493
"1109",55,2007,8.89166666666667,-82.431396,27.8493
"1110",55,2008,13.35,-82.431396,27.8493
"1111",55,2009,11.1166666666667,-82.431396,27.8493
"1112",55,2010,7.625,-82.431396,27.8493
"1113",55,2011,11.6818181818182,-82.431396,27.8493
"1114",55,2012,14.7545454545455,-82.431396,27.8493
"1115",55,2013,12.9833333333333,-82.431396,27.8493
"1116",55,2014,9.475,-82.431396,27.8493
"1117",55,2015,7.09166666666667,-82.431396,27.8493
"1118",55,2016,9.58333333333333,-82.431396,27.8493
"1119",60,1974,6.6,-82.631599,27.989901
"1120",60,1975,9.75,-82.631599,27.989901
"1121",60,1976,11.1363636363636,-82.631599,27.989901
"1122",60,1977,9.45454545454546,-82.631599,27.989901
"1123",60,1978,8.86666666666667,-82.631599,27.989901
"1124",60,1979,17.55,-82.631599,27.989901
"1125",60,1980,10.3916666666667,-82.631599,27.989901
"1126",60,1981,14.3833333333333,-82.631599,27.989901
"1127",60,1982,13.1727272727273,-82.631599,27.989901
"1128",60,1983,14.4166666666667,-82.631599,27.989901
"1129",60,1984,9.66666666666667,-82.631599,27.989901
"1130",60,1985,10.6,-82.631599,27.989901
"1131",60,1986,8.08181818181818,-82.631599,27.989901
"1132",60,1987,10.0333333333333,-82.631599,27.989901
"1133",60,1988,9.03333333333333,-82.631599,27.989901
"1134",60,1989,8.85833333333333,-82.631599,27.989901
"1135",60,1990,8.26175,-82.631599,27.989901
"1136",60,1991,9.40375,-82.631599,27.989901
"1137",60,1992,7.89358333333333,-82.631599,27.989901
"1138",60,1993,5.06241666666667,-82.631599,27.989901
"1139",60,1994,10.0274166666667,-82.631599,27.989901
"1140",60,1995,13.002,-82.631599,27.989901
"1141",60,1996,5.90875,-82.631599,27.989901
"1142",60,1997,8.46208333333333,-82.631599,27.989901
"1143",60,1998,9.524,-82.631599,27.989901
"1144",60,1999,5.68308333333333,-82.631599,27.989901
"1145",60,2000,4.67325,-82.631599,27.989901
"1146",60,2001,6.86658333333333,-82.631599,27.989901
"1147",60,2002,7.73716666666667,-82.631599,27.989901
"1148",60,2003,11.906,-82.631599,27.989901
"1149",60,2004,9.973,-82.631599,27.989901
"1150",60,2005,9.93636363636364,-82.631599,27.989901
"1151",60,2006,7.625,-82.631599,27.989901
"1152",60,2007,6.33333333333333,-82.631599,27.989901
"1153",60,2008,10.8916666666667,-82.631599,27.989901
"1154",60,2009,13.6,-82.631599,27.989901
"1155",60,2010,8.18333333333333,-82.631599,27.989901
"1156",60,2011,9.60833333333333,-82.631599,27.989901
"1157",60,2012,5.88,-82.631599,27.989901
"1158",60,2013,10.2222222222222,-82.631599,27.989901
"1159",60,2014,7.94,-82.631599,27.989901
"1160",60,2015,7.06,-82.631599,27.989901
"1161",60,2016,8.925,-82.631599,27.989901
"1162",63,1974,7.66666666666667,-82.575996,27.9676
"1163",63,1975,11.6153846153846,-82.575996,27.9676
"1164",63,1976,12.4090909090909,-82.575996,27.9676
"1165",63,1977,10.9363636363636,-82.575996,27.9676
"1166",63,1978,6.88333333333333,-82.575996,27.9676
"1167",63,1979,16.1,-82.575996,27.9676
"1168",63,1980,11.025,-82.575996,27.9676
"1169",63,1981,11.2,-82.575996,27.9676
"1170",63,1982,12.8909090909091,-82.575996,27.9676
"1171",63,1983,15.4083333333333,-82.575996,27.9676
"1172",63,1984,10.3916666666667,-82.575996,27.9676
"1173",63,1985,10.9,-82.575996,27.9676
"1174",63,1986,11.5166666666667,-82.575996,27.9676
"1175",63,1987,10.7083333333333,-82.575996,27.9676
"1176",63,1988,7.99166666666667,-82.575996,27.9676
"1177",63,1989,9.1,-82.575996,27.9676
"1178",63,1990,7.94458333333333,-82.575996,27.9676
"1179",63,1991,8.28,-82.575996,27.9676
"1180",63,1992,5.24727272727273,-82.575996,27.9676
"1181",63,1993,6.65591666666667,-82.575996,27.9676
"1182",63,1994,10.723,-82.575996,27.9676
"1183",63,1995,12.7288333333333,-82.575996,27.9676
"1184",63,1996,6.5635,-82.575996,27.9676
"1185",63,1997,7.30491666666667,-82.575996,27.9676
"1186",63,1998,8.80066666666667,-82.575996,27.9676
"1187",63,1999,4.90333333333333,-82.575996,27.9676
"1188",63,2000,5.15483333333333,-82.575996,27.9676
"1189",63,2001,7.9405,-82.575996,27.9676
"1190",63,2002,8.07025,-82.575996,27.9676
"1191",63,2003,11.35475,-82.575996,27.9676
"1192",63,2004,11.3583333333333,-82.575996,27.9676
"1193",63,2005,7.375,-82.575996,27.9676
"1194",63,2006,4.525,-82.575996,27.9676
"1195",63,2007,11.2166666666667,-82.575996,27.9676
"1196",63,2008,8.00833333333333,-82.575996,27.9676
"1197",63,2009,32.925,-82.575996,27.9676
"1198",63,2010,6.36666666666667,-82.575996,27.9676
"1199",63,2011,11.99,-82.575996,27.9676
"1200",63,2012,7.28888888888889,-82.575996,27.9676
"1201",63,2013,6.93333333333333,-82.575996,27.9676
"1202",63,2014,7.85,-82.575996,27.9676
"1203",63,2015,12.3727272727273,-82.575996,27.9676
"1204",63,2016,5.64166666666667,-82.575996,27.9676
"1205",64,1974,13.25,-82.683296,27.979401
"1206",64,1975,12.9230769230769,-82.683296,27.979401
"1207",64,1976,10.5545454545455,-82.683296,27.979401
"1208",64,1977,15.7090909090909,-82.683296,27.979401
"1209",64,1978,7.3,-82.683296,27.979401
"1210",64,1979,16.45,-82.683296,27.979401
"1211",64,1980,11.7,-82.683296,27.979401
"1212",64,1981,12.8416666666667,-82.683296,27.979401
"1213",64,1982,10.8090909090909,-82.683296,27.979401
"1214",64,1983,16.3583333333333,-82.683296,27.979401
"1215",64,1984,9.66666666666667,-82.683296,27.979401
"1216",64,1985,11.2833333333333,-82.683296,27.979401
"1217",64,1986,10.2416666666667,-82.683296,27.979401
"1218",64,1987,9.24166666666667,-82.683296,27.979401
"1219",64,1988,8.83333333333333,-82.683296,27.979401
"1220",64,1989,8.95,-82.683296,27.979401
"1221",64,1990,9.444,-82.683296,27.979401
"1222",64,1991,9.5565,-82.683296,27.979401
"1223",64,1992,8.16233333333333,-82.683296,27.979401
"1224",64,1993,7.16275,-82.683296,27.979401
"1225",64,1994,9.49583333333333,-82.683296,27.979401
"1226",64,1995,11.04225,-82.683296,27.979401
"1227",64,1996,7.698,-82.683296,27.979401
"1228",64,1997,8.93408333333333,-82.683296,27.979401
"1229",64,1998,14.9920833333333,-82.683296,27.979401
"1230",64,1999,8.30941666666667,-82.683296,27.979401
"1231",64,2000,10.0485833333333,-82.683296,27.979401
"1232",64,2001,9.43183333333333,-82.683296,27.979401
"1233",64,2002,12.0895,-82.683296,27.979401
"1234",64,2003,13.6861666666667,-82.683296,27.979401
"1235",64,2004,15.0788333333333,-82.683296,27.979401
"1236",64,2005,19.3818181818182,-82.683296,27.979401
"1237",64,2006,9.775,-82.683296,27.979401
"1238",64,2007,18.4833333333333,-82.683296,27.979401
"1239",64,2008,12,-82.683296,27.979401
"1240",64,2009,11.1166666666667,-82.683296,27.979401
"1241",64,2010,8.60833333333333,-82.683296,27.979401
"1242",64,2011,10.7416666666667,-82.683296,27.979401
"1243",64,2012,8.275,-82.683296,27.979401
"1244",64,2013,9.61,-82.683296,27.979401
"1245",64,2014,12.2166666666667,-82.683296,27.979401
"1246",64,2015,13.4727272727273,-82.683296,27.979401
"1247",64,2016,11.0166666666667,-82.683296,27.979401
"1248",65,1974,17,-82.694298,27.945601
"1249",65,1975,25.1538461538462,-82.694298,27.945601
"1250",65,1976,16.4181818181818,-82.694298,27.945601
"1251",65,1977,22.7090909090909,-82.694298,27.945601
"1252",65,1978,10.0083333333333,-82.694298,27.945601
"1253",65,1979,22.7083333333333,-82.694298,27.945601
"1254",65,1980,16.7583333333333,-82.694298,27.945601
"1255",65,1981,15.3416666666667,-82.694298,27.945601
"1256",65,1982,16.8545454545455,-82.694298,27.945601
"1257",65,1983,24.8666666666667,-82.694298,27.945601
"1258",65,1984,13.4333333333333,-82.694298,27.945601
"1259",65,1985,18.05,-82.694298,27.945601
"1260",65,1986,17.8833333333333,-82.694298,27.945601
"1261",65,1987,14.725,-82.694298,27.945601
"1262",65,1988,12.7916666666667,-82.694298,27.945601
"1263",65,1989,15.7083333333333,-82.694298,27.945601
"1264",65,1990,14.6416666666667,-82.694298,27.945601
"1265",65,1991,13.4225833333333,-82.694298,27.945601
"1266",65,1992,10.2033333333333,-82.694298,27.945601
"1267",65,1993,11.5132727272727,-82.694298,27.945601
"1268",65,1994,9.50816666666667,-82.694298,27.945601
"1269",65,1995,14.2445833333333,-82.694298,27.945601
"1270",65,1996,11.0693333333333,-82.694298,27.945601
"1271",65,1997,9.6415,-82.694298,27.945601
"1272",65,1998,16.5155,-82.694298,27.945601
"1273",65,1999,15.6756666666667,-82.694298,27.945601
"1274",65,2000,14.49675,-82.694298,27.945601
"1275",65,2001,16.3221666666667,-82.694298,27.945601
"1276",65,2002,13.7753333333333,-82.694298,27.945601
"1277",65,2003,17.3096666666667,-82.694298,27.945601
"1278",65,2004,29.1753333333333,-82.694298,27.945601
"1279",65,2005,13.7166666666667,-82.694298,27.945601
"1280",65,2006,11.0333333333333,-82.694298,27.945601
"1281",65,2007,11.0416666666667,-82.694298,27.945601
"1282",65,2008,19.85,-82.694298,27.945601
"1283",65,2009,20.1416666666667,-82.694298,27.945601
"1284",65,2010,8.9,-82.694298,27.945601
"1285",65,2011,12.5,-82.694298,27.945601
"1286",65,2012,14.0272727272727,-82.694298,27.945601
"1287",65,2013,13.95,-82.694298,27.945601
"1288",65,2014,12.15,-82.694298,27.945601
"1289",65,2015,16.6909090909091,-82.694298,27.945601
"1290",65,2016,16.475,-82.694298,27.945601
"1291",66,1974,14.7272727272727,-82.639702,27.927799
"1292",66,1975,14.1538461538462,-82.639702,27.927799
"1293",66,1976,15.3818181818182,-82.639702,27.927799
"1294",66,1977,13.5909090909091,-82.639702,27.927799
"1295",66,1978,10.3666666666667,-82.639702,27.927799
"1296",66,1979,18.075,-82.639702,27.927799
"1297",66,1980,15.5333333333333,-82.639702,27.927799
"1298",66,1981,12.4,-82.639702,27.927799
"1299",66,1982,13.4818181818182,-82.639702,27.927799
"1300",66,1983,18.8833333333333,-82.639702,27.927799
"1301",66,1984,9.69166666666667,-82.639702,27.927799
"1302",66,1985,11.5583333333333,-82.639702,27.927799
"1303",66,1986,10.8083333333333,-82.639702,27.927799
"1304",66,1987,8.89166666666667,-82.639702,27.927799
"1305",66,1988,8.69166666666667,-82.639702,27.927799
"1306",66,1989,8.85,-82.639702,27.927799
"1307",66,1990,11.9525833333333,-82.639702,27.927799
"1308",66,1991,10.7465833333333,-82.639702,27.927799
"1309",66,1992,10.3178333333333,-82.639702,27.927799
"1310",66,1993,9.81,-82.639702,27.927799
"1311",66,1994,9.50991666666667,-82.639702,27.927799
"1312",66,1995,14.1891666666667,-82.639702,27.927799
"1313",66,1996,7.87116666666667,-82.639702,27.927799
"1314",66,1997,9.20758333333333,-82.639702,27.927799
"1315",66,1998,10.5669166666667,-82.639702,27.927799
"1316",66,1999,5.13116666666667,-82.639702,27.927799
"1317",66,2000,9.24425,-82.639702,27.927799
"1318",66,2001,10.65925,-82.639702,27.927799
"1319",66,2002,11.73125,-82.639702,27.927799
"1320",66,2003,14.13375,-82.639702,27.927799
"1321",66,2004,14.9666666666667,-82.639702,27.927799
"1322",66,2005,10.1,-82.639702,27.927799
"1323",66,2006,6.175,-82.639702,27.927799
"1324",66,2007,11.9416666666667,-82.639702,27.927799
"1325",66,2008,14.75,-82.639702,27.927799
"1326",66,2009,13.7083333333333,-82.639702,27.927799
"1327",66,2010,8.19166666666667,-82.639702,27.927799
"1328",66,2011,18.08,-82.639702,27.927799
"1329",66,2012,9.31818181818182,-82.639702,27.927799
"1330",66,2013,14.4125,-82.639702,27.927799
"1331",66,2014,11.6333333333333,-82.639702,27.927799
"1332",66,2015,13.15,-82.639702,27.927799
"1333",66,2016,15.8083333333333,-82.639702,27.927799
"1334",67,1974,9.09090909090909,-82.592003,27.9002
"1335",67,1975,12.3846153846154,-82.592003,27.9002
"1336",67,1976,11.9727272727273,-82.592003,27.9002
"1337",67,1977,14.4909090909091,-82.592003,27.9002
"1338",67,1978,8.70833333333333,-82.592003,27.9002
"1339",67,1979,18.0333333333333,-82.592003,27.9002
"1340",67,1980,15.9583333333333,-82.592003,27.9002
"1341",67,1981,13.4166666666667,-82.592003,27.9002
"1342",67,1982,12.9181818181818,-82.592003,27.9002
"1343",67,1983,23.8,-82.592003,27.9002
"1344",67,1984,9.93333333333333,-82.592003,27.9002
"1345",67,1985,11.375,-82.592003,27.9002
"1346",67,1986,10.35,-82.592003,27.9002
"1347",67,1987,8.55833333333333,-82.592003,27.9002
"1348",67,1988,7.90833333333333,-82.592003,27.9002
"1349",67,1989,9.73333333333333,-82.592003,27.9002
"1350",67,1990,10.94425,-82.592003,27.9002
"1351",67,1991,6.73708333333333,-82.592003,27.9002
"1352",67,1992,9.03083333333333,-82.592003,27.9002
"1353",67,1993,9.98516666666667,-82.592003,27.9002
"1354",67,1994,10.3835,-82.592003,27.9002
"1355",67,1995,11.4069166666667,-82.592003,27.9002
"1356",67,1996,7.21791666666667,-82.592003,27.9002
"1357",67,1997,8.74966666666667,-82.592003,27.9002
"1358",67,1998,12.3925833333333,-82.592003,27.9002
"1359",67,1999,9.90166666666667,-82.592003,27.9002
"1360",67,2000,6.6125,-82.592003,27.9002
"1361",67,2001,9.02633333333333,-82.592003,27.9002
"1362",67,2002,7.15741666666667,-82.592003,27.9002
"1363",67,2003,12.274,-82.592003,27.9002
"1364",67,2004,11.1465,-82.592003,27.9002
"1365",67,2005,7.575,-82.592003,27.9002
"1366",67,2006,5.05833333333333,-82.592003,27.9002
"1367",67,2007,9.70833333333333,-82.592003,27.9002
"1368",67,2008,7.45,-82.592003,27.9002
"1369",67,2009,7.79166666666667,-82.592003,27.9002
"1370",67,2010,9.21666666666667,-82.592003,27.9002
"1371",67,2011,15.66,-82.592003,27.9002
"1372",67,2012,10.09,-82.592003,27.9002
"1373",67,2013,13.8,-82.592003,27.9002
"1374",67,2014,8.09090909090909,-82.592003,27.9002
"1375",67,2015,12.2363636363636,-82.592003,27.9002
"1376",67,2016,8.425,-82.592003,27.9002
"1377",68,1974,7.33333333333333,-82.580803,27.8519
"1378",68,1975,13,-82.580803,27.8519
"1379",68,1976,13.3181818181818,-82.580803,27.8519
"1380",68,1977,11.5909090909091,-82.580803,27.8519
"1381",68,1978,9.11666666666667,-82.580803,27.8519
"1382",68,1979,18.6083333333333,-82.580803,27.8519
"1383",68,1980,17.8833333333333,-82.580803,27.8519
"1384",68,1981,12.4166666666667,-82.580803,27.8519
"1385",68,1982,14.1454545454545,-82.580803,27.8519
"1386",68,1983,20.3666666666667,-82.580803,27.8519
"1387",68,1984,9.08333333333333,-82.580803,27.8519
"1388",68,1985,10.425,-82.580803,27.8519
"1389",68,1986,9.74166666666667,-82.580803,27.8519
"1390",68,1987,8.86666666666667,-82.580803,27.8519
"1391",68,1988,7.30833333333333,-82.580803,27.8519
"1392",68,1989,10.0636363636364,-82.580803,27.8519
"1393",68,1990,9.21783333333333,-82.580803,27.8519
"1394",68,1991,7.9945,-82.580803,27.8519
"1395",68,1992,6.48781818181818,-82.580803,27.8519
"1396",68,1993,8.77981818181818,-82.580803,27.8519
"1397",68,1994,8.22966666666667,-82.580803,27.8519
"1398",68,1995,10.3115833333333,-82.580803,27.8519
"1399",68,1996,6.77191666666667,-82.580803,27.8519
"1400",68,1997,9.85108333333333,-82.580803,27.8519
"1401",68,1998,12.0634166666667,-82.580803,27.8519
"1402",68,1999,10.5280833333333,-82.580803,27.8519
"1403",68,2000,6.55366666666667,-82.580803,27.8519
"1404",68,2001,7.47866666666667,-82.580803,27.8519
"1405",68,2002,6.5505,-82.580803,27.8519
"1406",68,2003,9.42109090909091,-82.580803,27.8519
"1407",68,2004,9.95816666666667,-82.580803,27.8519
"1408",68,2005,7.125,-82.580803,27.8519
"1409",68,2006,5.35833333333333,-82.580803,27.8519
"1410",68,2007,7.025,-82.580803,27.8519
"1411",68,2008,6.15833333333333,-82.580803,27.8519
"1412",68,2009,7.48333333333333,-82.580803,27.8519
"1413",68,2010,7.4,-82.580803,27.8519
"1414",68,2011,11.6181818181818,-82.580803,27.8519
"1415",68,2012,8.21818181818182,-82.580803,27.8519
"1416",68,2013,10.15,-82.580803,27.8519
"1417",68,2014,8.45833333333333,-82.580803,27.8519
"1418",68,2015,12.725,-82.580803,27.8519
"1419",68,2016,9.64166666666667,-82.580803,27.8519
"1420",70,1974,32.3333333333333,-82.463203,27.908899
"1421",70,1975,38.1666666666667,-82.463203,27.908899
"1422",70,1976,40.7333333333333,-82.463203,27.908899
"1423",70,1977,38.0583333333333,-82.463203,27.908899
"1424",70,1978,25.9909090909091,-82.463203,27.908899
"1425",70,1979,33.0416666666667,-82.463203,27.908899
"1426",70,1980,28.225,-82.463203,27.908899
"1427",70,1981,36.3416666666667,-82.463203,27.908899
"1428",70,1982,50.8090909090909,-82.463203,27.908899
"1429",70,1983,29.5333333333333,-82.463203,27.908899
"1430",70,1984,11.7166666666667,-82.463203,27.908899
"1431",70,1985,17.4333333333333,-82.463203,27.908899
"1432",70,1986,14.0333333333333,-82.463203,27.908899
"1433",70,1987,13.025,-82.463203,27.908899
"1434",70,1988,13.1416666666667,-82.463203,27.908899
"1435",70,1989,13.375,-82.463203,27.908899
"1436",70,1990,11.0770833333333,-82.463203,27.908899
"1437",70,1991,12.4335833333333,-82.463203,27.908899
"1438",70,1992,12.8905833333333,-82.463203,27.908899
"1439",70,1993,11.8499166666667,-82.463203,27.908899
"1440",70,1994,32.7253333333333,-82.463203,27.908899
"1441",70,1995,18.6424166666667,-82.463203,27.908899
"1442",70,1996,9.25683333333333,-82.463203,27.908899
"1443",70,1997,14.3605833333333,-82.463203,27.908899
"1444",70,1998,21.95375,-82.463203,27.908899
"1445",70,1999,10.873,-82.463203,27.908899
"1446",70,2000,9.10591666666667,-82.463203,27.908899
"1447",70,2001,11.5028333333333,-82.463203,27.908899
"1448",70,2002,14.1233333333333,-82.463203,27.908899
"1449",70,2003,12.1635833333333,-82.463203,27.908899
"1450",70,2004,10.9013333333333,-82.463203,27.908899
"1451",70,2005,20.756,-82.463203,27.908899
"1452",70,2006,10.6,-82.463203,27.908899
"1453",70,2007,12.3,-82.463203,27.908899
"1454",70,2008,10.7083333333333,-82.463203,27.908899
"1455",70,2009,9.36666666666667,-82.463203,27.908899
"1456",70,2010,8.325,-82.463203,27.908899
"1457",70,2011,12.9727272727273,-82.463203,27.908899
"1458",70,2012,12.8636363636364,-82.463203,27.908899
"1459",70,2013,13.625,-82.463203,27.908899
"1460",70,2014,11.9181818181818,-82.463203,27.908899
"1461",70,2015,10.3,-82.463203,27.908899
"1462",70,2016,11.4083333333333,-82.463203,27.908899
"1463",71,1974,27.25,-82.413803,27.876499
"1464",71,1975,31.4166666666667,-82.413803,27.876499
"1465",71,1976,35.9666666666667,-82.413803,27.876499
"1466",71,1977,30.5727272727273,-82.413803,27.876499
"1467",71,1978,23.1909090909091,-82.413803,27.876499
"1468",71,1979,34.1916666666667,-82.413803,27.876499
"1469",71,1980,23.1083333333333,-82.413803,27.876499
"1470",71,1981,28.2333333333333,-82.413803,27.876499
"1471",71,1982,34.76,-82.413803,27.876499
"1472",71,1983,27.2083333333333,-82.413803,27.876499
"1473",71,1984,13.9416666666667,-82.413803,27.876499
"1474",71,1985,20.6583333333333,-82.413803,27.876499
"1475",71,1986,19.9333333333333,-82.413803,27.876499
"1476",71,1987,16.6,-82.413803,27.876499
"1477",71,1988,14.95,-82.413803,27.876499
"1478",71,1989,11.975,-82.413803,27.876499
"1479",71,1990,13.4276666666667,-82.413803,27.876499
"1480",71,1991,19.05475,-82.413803,27.876499
"1481",71,1992,12.7574166666667,-82.413803,27.876499
"1482",71,1993,10.5715,-82.413803,27.876499
"1483",71,1994,31.71675,-82.413803,27.876499
"1484",71,1995,18.3735,-82.413803,27.876499
"1485",71,1996,12.3650833333333,-82.413803,27.876499
"1486",71,1997,12.88325,-82.413803,27.876499
"1487",71,1998,20.8969166666667,-82.413803,27.876499
"1488",71,1999,12.3535833333333,-82.413803,27.876499
"1489",71,2000,8.91675,-82.413803,27.876499
"1490",71,2001,9.85766666666667,-82.413803,27.876499
"1491",71,2002,14.7608333333333,-82.413803,27.876499
"1492",71,2003,15.4783636363636,-82.413803,27.876499
"1493",71,2004,15.8916666666667,-82.413803,27.876499
"1494",71,2005,14.1393333333333,-82.413803,27.876499
"1495",71,2006,16.8916666666667,-82.413803,27.876499
"1496",71,2007,8.71666666666667,-82.413803,27.876499
"1497",71,2008,12.375,-82.413803,27.876499
"1498",71,2009,27.3333333333333,-82.413803,27.876499
"1499",71,2010,9.43333333333333,-82.413803,27.876499
"1500",71,2011,11.9909090909091,-82.413803,27.876499
"1501",71,2012,13.4916666666667,-82.413803,27.876499
"1502",71,2013,16.1833333333333,-82.413803,27.876499
"1503",71,2014,19.16,-82.413803,27.876499
"1504",71,2015,10.525,-82.413803,27.876499
"1505",71,2016,9.75,-82.413803,27.876499
"1506",73,1974,18.6666666666667,-82.413101,27.8281
"1507",73,1975,21.25,-82.413101,27.8281
"1508",73,1976,19.6,-82.413101,27.8281
"1509",73,1977,19.45,-82.413101,27.8281
"1510",73,1978,20.2583333333333,-82.413101,27.8281
"1511",73,1979,25.35,-82.413101,27.8281
"1512",73,1980,20.5166666666667,-82.413101,27.8281
"1513",73,1981,26.6166666666667,-82.413101,27.8281
"1514",73,1982,34.8272727272727,-82.413101,27.8281
"1515",73,1983,28.625,-82.413101,27.8281
"1516",73,1984,13.3166666666667,-82.413101,27.8281
"1517",73,1985,18.1416666666667,-82.413101,27.8281
"1518",73,1986,16.3083333333333,-82.413101,27.8281
"1519",73,1987,15.8833333333333,-82.413101,27.8281
"1520",73,1988,12.3416666666667,-82.413101,27.8281
"1521",73,1989,11.6166666666667,-82.413101,27.8281
"1522",73,1990,11.4829166666667,-82.413101,27.8281
"1523",73,1991,11.5910833333333,-82.413101,27.8281
"1524",73,1992,10.062,-82.413101,27.8281
"1525",73,1993,9.00333333333333,-82.413101,27.8281
"1526",73,1994,16.57825,-82.413101,27.8281
"1527",73,1995,18.0895,-82.413101,27.8281
"1528",73,1996,8.88233333333333,-82.413101,27.8281
"1529",73,1997,12.2165833333333,-82.413101,27.8281
"1530",73,1998,21.1809166666667,-82.413101,27.8281
"1531",73,1999,10.0461666666667,-82.413101,27.8281
"1532",73,2000,6.3205,-82.413101,27.8281
"1533",73,2001,9.39541666666667,-82.413101,27.8281
"1534",73,2002,8.14325,-82.413101,27.8281
"1535",73,2003,9.23358333333333,-82.413101,27.8281
"1536",73,2004,10.993,-82.413101,27.8281
"1537",73,2005,10.8916666666667,-82.413101,27.8281
"1538",73,2006,7.30833333333333,-82.413101,27.8281
"1539",73,2007,7.24166666666667,-82.413101,27.8281
"1540",73,2008,11.4916666666667,-82.413101,27.8281
"1541",73,2009,19.7,-82.413101,27.8281
"1542",73,2010,8.95,-82.413101,27.8281
"1543",73,2011,10.2181818181818,-82.413101,27.8281
"1544",73,2012,13.5625,-82.413101,27.8281
"1545",73,2013,8.49090909090909,-82.413101,27.8281
"1546",73,2014,8.13636363636364,-82.413101,27.8281
"1547",73,2015,5.99166666666667,-82.413101,27.8281
"1548",73,2016,7.50833333333333,-82.413101,27.8281
"1549",80,1974,11.75,-82.445999,27.809601
"1550",80,1975,16.7272727272727,-82.445999,27.809601
"1551",80,1976,15.275,-82.445999,27.809601
"1552",80,1977,16.8583333333333,-82.445999,27.809601
"1553",80,1978,16.025,-82.445999,27.809601
"1554",80,1979,22.425,-82.445999,27.809601
"1555",80,1980,19.1666666666667,-82.445999,27.809601
"1556",80,1981,19.9363636363636,-82.445999,27.809601
"1557",80,1982,21.8636363636364,-82.445999,27.809601
"1558",80,1983,26.875,-82.445999,27.809601
"1559",80,1984,12.3916666666667,-82.445999,27.809601
"1560",80,1985,16.6916666666667,-82.445999,27.809601
"1561",80,1986,13.35,-82.445999,27.809601
"1562",80,1987,12.8083333333333,-82.445999,27.809601
"1563",80,1988,9.64166666666667,-82.445999,27.809601
"1564",80,1989,10.0416666666667,-82.445999,27.809601
"1565",80,1990,8.00658333333333,-82.445999,27.809601
"1566",80,1991,8.50483333333333,-82.445999,27.809601
"1567",80,1992,8.12675,-82.445999,27.809601
"1568",80,1993,6.8735,-82.445999,27.809601
"1569",80,1994,12.05825,-82.445999,27.809601
"1570",80,1995,12.37275,-82.445999,27.809601
"1571",80,1996,8.15058333333333,-82.445999,27.809601
"1572",80,1997,7.79441666666667,-82.445999,27.809601
"1573",80,1998,14.76,-82.445999,27.809601
"1574",80,1999,7.59316666666667,-82.445999,27.809601
"1575",80,2000,5.90708333333333,-82.445999,27.809601
"1576",80,2001,10.3390833333333,-82.445999,27.809601
"1577",80,2002,6.17175,-82.445999,27.809601
"1578",80,2003,8.23418181818182,-82.445999,27.809601
"1579",80,2004,10.3300833333333,-82.445999,27.809601
"1580",80,2005,8.95,-82.445999,27.809601
"1581",80,2006,6.58333333333333,-82.445999,27.809601
"1582",80,2007,6.8,-82.445999,27.809601
"1583",80,2008,6.86666666666667,-82.445999,27.809601
"1584",80,2009,8.41666666666667,-82.445999,27.809601
"1585",80,2010,8.7,-82.445999,27.809601
"1586",80,2011,6.98,-82.445999,27.809601
"1587",80,2012,12.76,-82.445999,27.809601
"1588",80,2013,8.42727272727273,-82.445999,27.809601
"1589",80,2014,6.94,-82.445999,27.809601
"1590",80,2015,6.99166666666667,-82.445999,27.809601
"1591",80,2016,7.81666666666667,-82.445999,27.809601
"1592",81,1974,9.5,-82.474098,27.7813
"1593",81,1975,14.1666666666667,-82.474098,27.7813
"1594",81,1976,12.0083333333333,-82.474098,27.7813
"1595",81,1977,20.1083333333333,-82.474098,27.7813
"1596",81,1978,12.1090909090909,-82.474098,27.7813
"1597",81,1979,19.2833333333333,-82.474098,27.7813
"1598",81,1980,14.825,-82.474098,27.7813
"1599",81,1981,15.9916666666667,-82.474098,27.7813
"1600",81,1982,16.2545454545455,-82.474098,27.7813
"1601",81,1983,19.8833333333333,-82.474098,27.7813
"1602",81,1984,10.8333333333333,-82.474098,27.7813
"1603",81,1985,17.4333333333333,-82.474098,27.7813
"1604",81,1986,8.15833333333333,-82.474098,27.7813
"1605",81,1987,9.275,-82.474098,27.7813
"1606",81,1988,7.975,-82.474098,27.7813
"1607",81,1989,7.73333333333333,-82.474098,27.7813
"1608",81,1990,8.1165,-82.474098,27.7813
"1609",81,1991,8.20766666666667,-82.474098,27.7813
"1610",81,1992,6.00933333333333,-82.474098,27.7813
"1611",81,1993,5.989,-82.474098,27.7813
"1612",81,1994,9.09558333333333,-82.474098,27.7813
"1613",81,1995,13.1204166666667,-82.474098,27.7813
"1614",81,1996,5.37991666666667,-82.474098,27.7813
"1615",81,1997,6.03941666666667,-82.474098,27.7813
"1616",81,1998,12.8724166666667,-82.474098,27.7813
"1617",81,1999,5.71658333333333,-82.474098,27.7813
"1618",81,2000,4.85316666666667,-82.474098,27.7813
"1619",81,2001,7.00858333333333,-82.474098,27.7813
"1620",81,2002,5.48908333333333,-82.474098,27.7813
"1621",81,2003,8.08881818181818,-82.474098,27.7813
"1622",81,2004,7.94333333333333,-82.474098,27.7813
"1623",81,2005,7.61666666666667,-82.474098,27.7813
"1624",81,2006,5.23333333333333,-82.474098,27.7813
"1625",81,2007,5.59166666666667,-82.474098,27.7813
"1626",81,2008,6.04166666666667,-82.474098,27.7813
"1627",81,2009,7.68333333333333,-82.474098,27.7813
"1628",81,2010,5.575,-82.474098,27.7813
"1629",81,2011,6.24,-82.474098,27.7813
"1630",81,2012,8.76666666666667,-82.474098,27.7813
"1631",81,2013,8.18181818181818,-82.474098,27.7813
"1632",81,2014,6.63333333333333,-82.474098,27.7813
"1633",81,2015,5.35833333333333,-82.474098,27.7813
"1634",81,2016,5.96666666666667,-82.474098,27.7813
"1635",82,1974,11.6,-82.5718,27.751101
"1636",82,1975,11.7272727272727,-82.5718,27.751101
"1637",82,1976,6.30833333333333,-82.5718,27.751101
"1638",82,1977,8.58181818181818,-82.5718,27.751101
"1639",82,1978,9.75833333333333,-82.5718,27.751101
"1640",82,1979,16.4916666666667,-82.5718,27.751101
"1641",82,1980,12.3166666666667,-82.5718,27.751101
"1642",82,1981,14.2416666666667,-82.5718,27.751101
"1643",82,1982,12.4363636363636,-82.5718,27.751101
"1644",82,1983,18.0583333333333,-82.5718,27.751101
"1645",82,1984,6.63333333333333,-82.5718,27.751101
"1646",82,1985,7.375,-82.5718,27.751101
"1647",82,1986,7.15,-82.5718,27.751101
"1648",82,1987,8.44545454545455,-82.5718,27.751101
"1649",82,1988,5.81666666666667,-82.5718,27.751101
"1650",82,1989,6.94166666666667,-82.5718,27.751101
"1651",82,1990,7.66283333333333,-82.5718,27.751101
"1652",82,1991,6.45663636363636,-82.5718,27.751101
"1653",82,1992,6.37458333333333,-82.5718,27.751101
"1654",82,1993,4.667,-82.5718,27.751101
"1655",82,1994,10.3493333333333,-82.5718,27.751101
"1656",82,1995,7.7525,-82.5718,27.751101
"1657",82,1996,3.47536363636364,-82.5718,27.751101
"1658",82,1997,6.0905,-82.5718,27.751101
"1659",82,1998,9.98541666666667,-82.5718,27.751101
"1660",82,1999,4.47033333333333,-82.5718,27.751101
"1661",82,2000,5.00281818181818,-82.5718,27.751101
"1662",82,2001,5.58227272727273,-82.5718,27.751101
"1663",82,2002,5.0285,-82.5718,27.751101
"1664",82,2003,9.62741666666667,-82.5718,27.751101
"1665",82,2004,5.50236363636364,-82.5718,27.751101
"1666",82,2005,5.57,-82.5718,27.751101
"1667",82,2006,4.11818181818182,-82.5718,27.751101
"1668",82,2007,4.75,-82.5718,27.751101
"1669",82,2008,2.54166666666667,-82.5718,27.751101
"1670",82,2009,5.95833333333333,-82.5718,27.751101
"1671",82,2010,5.57272727272727,-82.5718,27.751101
"1672",82,2011,11.6571428571429,-82.5718,27.751101
"1673",82,2012,8.95,-82.5718,27.751101
"1674",82,2013,6.8,-82.5718,27.751101
"1675",82,2014,8.2625,-82.5718,27.751101
"1676",82,2015,7.11818181818182,-82.5718,27.751101
"1677",82,2016,4.20833333333333,-82.5718,27.751101
"1678",84,1974,7.8,-82.498703,27.729
"1679",84,1975,11.6363636363636,-82.498703,27.729
"1680",84,1976,5.725,-82.498703,27.729
"1681",84,1977,14.8833333333333,-82.498703,27.729
"1682",84,1978,15.3583333333333,-82.498703,27.729
"1683",84,1979,14.9583333333333,-82.498703,27.729
"1684",84,1980,14.5166666666667,-82.498703,27.729
"1685",84,1981,16.0666666666667,-82.498703,27.729
"1686",84,1982,22.7454545454545,-82.498703,27.729
"1687",84,1983,21.1666666666667,-82.498703,27.729
"1688",84,1984,8.9,-82.498703,27.729
"1689",84,1985,11.2166666666667,-82.498703,27.729
"1690",84,1986,7.60833333333333,-82.498703,27.729
"1691",84,1987,7.14166666666667,-82.498703,27.729
"1692",84,1988,6.775,-82.498703,27.729
"1693",84,1989,7.78333333333333,-82.498703,27.729
"1694",84,1990,9.32675,-82.498703,27.729
"1695",84,1991,8.48975,-82.498703,27.729
"1696",84,1992,7.2475,-82.498703,27.729
"1697",84,1993,8.67491666666667,-82.498703,27.729
"1698",84,1994,12.328,-82.498703,27.729
"1699",84,1995,10.4661666666667,-82.498703,27.729
"1700",84,1996,4.27283333333333,-82.498703,27.729
"1701",84,1997,9.96241666666667,-82.498703,27.729
"1702",84,1998,13.6169166666667,-82.498703,27.729
"1703",84,1999,9.21333333333333,-82.498703,27.729
"1704",84,2000,8.25575,-82.498703,27.729
"1705",84,2001,9.37225,-82.498703,27.729
"1706",84,2002,6.66191666666667,-82.498703,27.729
"1707",84,2003,7.59875,-82.498703,27.729
"1708",84,2004,8.87054545454545,-82.498703,27.729
"1709",84,2005,7.33333333333333,-82.498703,27.729
"1710",84,2006,5.91666666666667,-82.498703,27.729
"1711",84,2007,5.25833333333333,-82.498703,27.729
"1712",84,2008,5.09166666666667,-82.498703,27.729
"1713",84,2009,7.15833333333333,-82.498703,27.729
"1714",84,2010,7.47272727272727,-82.498703,27.729
"1715",84,2011,9.91818181818182,-82.498703,27.729
"1716",84,2012,10,-82.498703,27.729
"1717",84,2013,7.28181818181818,-82.498703,27.729
"1718",84,2014,7.27142857142857,-82.498703,27.729
"1719",84,2015,14.4916666666667,-82.498703,27.729
"1720",84,2016,4.30833333333333,-82.498703,27.729
"1721",90,1974,4,-82.591499,27.625999
"1722",90,1975,4.45454545454545,-82.591499,27.625999
"1723",90,1976,4.2,-82.591499,27.625999
"1724",90,1977,5.01666666666667,-82.591499,27.625999
"1725",90,1978,5.05,-82.591499,27.625999
"1726",90,1979,7.55833333333333,-82.591499,27.625999
"1727",90,1980,6.3,-82.591499,27.625999
"1728",90,1981,6.34166666666667,-82.591499,27.625999
"1729",90,1982,6.1,-82.591499,27.625999
"1730",90,1983,8,-82.591499,27.625999
"1731",90,1984,3.7,-82.591499,27.625999
"1732",90,1985,4.275,-82.591499,27.625999
"1733",90,1986,4.47,-82.591499,27.625999
"1734",90,1987,4.3,-82.591499,27.625999
"1735",90,1988,4.6,-82.591499,27.625999
"1736",90,1989,6.24166666666667,-82.591499,27.625999
"1737",90,1990,3.93158333333333,-82.591499,27.625999
"1738",90,1991,3.70141666666667,-82.591499,27.625999
"1739",90,1992,5.01725,-82.591499,27.625999
"1740",90,1993,3.02275,-82.591499,27.625999
"1741",90,1994,6.64291666666667,-82.591499,27.625999
"1742",90,1995,5.24416666666667,-82.591499,27.625999
"1743",90,1996,2.50716666666667,-82.591499,27.625999
"1744",90,1997,4.46366666666667,-82.591499,27.625999
"1745",90,1998,6.70883333333333,-82.591499,27.625999
"1746",90,1999,5.13391666666667,-82.591499,27.625999
"1747",90,2000,4.21933333333333,-82.591499,27.625999
"1748",90,2001,4.9245,-82.591499,27.625999
"1749",90,2002,4.00408333333333,-82.591499,27.625999
"1750",90,2003,3.82191666666667,-82.591499,27.625999
"1751",90,2004,5.73409090909091,-82.591499,27.625999
"1752",90,2005,5.38181818181818,-82.591499,27.625999
"1753",90,2006,3.46,-82.591499,27.625999
"1754",90,2007,3.04166666666667,-82.591499,27.625999
"1755",90,2008,3.25833333333333,-82.591499,27.625999
"1756",90,2009,5.05833333333333,-82.591499,27.625999
"1757",90,2010,5.17272727272727,-82.591499,27.625999
"1758",90,2011,7.85,-82.591499,27.625999
"1759",90,2012,7.52,-82.591499,27.625999
"1760",90,2013,5.12222222222222,-82.591499,27.625999
"1761",90,2014,3.85,-82.591499,27.625999
"1762",90,2015,4.50833333333333,-82.591499,27.625999
"1763",90,2016,2.86363636363636,-82.591499,27.625999
"1764",91,1974,5.4,-82.641502,27.627899
"1765",91,1975,5.18181818181818,-82.641502,27.627899
"1766",91,1976,5.18333333333333,-82.641502,27.627899
"1767",91,1977,4.59166666666667,-82.641502,27.627899
"1768",91,1978,4.06666666666667,-82.641502,27.627899
"1769",91,1979,6.14166666666667,-82.641502,27.627899
"1770",91,1980,6.51666666666667,-82.641502,27.627899
"1771",91,1981,6.3,-82.641502,27.627899
"1772",91,1982,5.62727272727273,-82.641502,27.627899
"1773",91,1983,6.2,-82.641502,27.627899
"1774",91,1984,4.075,-82.641502,27.627899
"1775",91,1985,4.13333333333333,-82.641502,27.627899
"1776",91,1986,3.43636363636364,-82.641502,27.627899
"1777",91,1987,3.39166666666667,-82.641502,27.627899
"1778",91,1988,3.06666666666667,-82.641502,27.627899
"1779",91,1989,4.91666666666667,-82.641502,27.627899
"1780",91,1990,3.81218181818182,-82.641502,27.627899
"1781",91,1991,3.70066666666667,-82.641502,27.627899
"1782",91,1992,3.74725,-82.641502,27.627899
"1783",91,1993,2.89341666666667,-82.641502,27.627899
"1784",91,1994,4.90916666666667,-82.641502,27.627899
"1785",91,1995,4.70766666666667,-82.641502,27.627899
"1786",91,1996,2.39745454545455,-82.641502,27.627899
"1787",91,1997,4.29041666666667,-82.641502,27.627899
"1788",91,1998,4.42341666666667,-82.641502,27.627899
"1789",91,1999,3.75758333333333,-82.641502,27.627899
"1790",91,2000,3.44863636363636,-82.641502,27.627899
"1791",91,2001,3.90391666666667,-82.641502,27.627899
"1792",91,2002,3.88758333333333,-82.641502,27.627899
"1793",91,2003,2.91758333333333,-82.641502,27.627899
"1794",91,2004,6.422,-82.641502,27.627899
"1795",91,2005,7.975,-82.641502,27.627899
"1796",91,2006,4.225,-82.641502,27.627899
"1797",91,2007,3.53636363636364,-82.641502,27.627899
"1798",91,2008,3.125,-82.641502,27.627899
"1799",91,2009,4.775,-82.641502,27.627899
"1800",91,2010,3.4,-82.641502,27.627899
"1801",91,2011,4.76,-82.641502,27.627899
"1802",91,2012,6.2,-82.641502,27.627899
"1803",91,2013,4.52,-82.641502,27.627899
"1804",91,2014,3.5,-82.641502,27.627899
"1805",91,2015,3.78,-82.641502,27.627899
"1806",91,2016,3.23636363636364,-82.641502,27.627899
"1807",92,1974,3.55555555555556,-82.686798,27.5737
"1808",92,1975,5.77777777777778,-82.686798,27.5737
"1809",92,1976,4.83333333333333,-82.686798,27.5737
"1810",92,1977,4.04166666666667,-82.686798,27.5737
"1811",92,1978,3.60833333333333,-82.686798,27.5737
"1812",92,1979,6.16666666666667,-82.686798,27.5737
"1813",92,1980,4.98333333333333,-82.686798,27.5737
"1814",92,1981,5.45833333333333,-82.686798,27.5737
"1815",92,1982,5.12727272727273,-82.686798,27.5737
"1816",92,1983,5.95,-82.686798,27.5737
"1817",92,1984,2.93333333333333,-82.686798,27.5737
"1818",92,1985,3.81666666666667,-82.686798,27.5737
"1819",92,1986,3.12727272727273,-82.686798,27.5737
"1820",92,1987,2.41818181818182,-82.686798,27.5737
"1821",92,1988,2.1,-82.686798,27.5737
"1822",92,1989,3.45,-82.686798,27.5737
"1823",92,1990,3.33727272727273,-82.686798,27.5737
"1824",92,1991,2.54066666666667,-82.686798,27.5737
"1825",92,1992,3.37516666666667,-82.686798,27.5737
"1826",92,1993,3.474,-82.686798,27.5737
"1827",92,1994,4.49491666666667,-82.686798,27.5737
"1828",92,1995,3.09191666666667,-82.686798,27.5737
"1829",92,1996,1.48525,-82.686798,27.5737
"1830",92,1997,4.737,-82.686798,27.5737
"1831",92,1998,4.40075,-82.686798,27.5737
"1832",92,1999,3.43958333333333,-82.686798,27.5737
"1833",92,2000,3.51025,-82.686798,27.5737
"1834",92,2001,4.25758333333333,-82.686798,27.5737
"1835",92,2002,2.57508333333333,-82.686798,27.5737
"1836",92,2003,1.79845454545455,-82.686798,27.5737
"1837",92,2004,5.41371428571429,-82.686798,27.5737
"1838",92,2005,6.2,-82.686798,27.5737
"1839",92,2006,4.3,-82.686798,27.5737
"1840",92,2007,2.6,-82.686798,27.5737
"1841",92,2008,2.25833333333333,-82.686798,27.5737
"1842",92,2009,4.10833333333333,-82.686798,27.5737
"1843",92,2010,2.9,-82.686798,27.5737
"1844",92,2011,4.5,-82.686798,27.5737
"1845",92,2012,5.38,-82.686798,27.5737
"1846",92,2013,4.525,-82.686798,27.5737
"1847",92,2014,3.25,-82.686798,27.5737
"1848",92,2015,3.77272727272727,-82.686798,27.5737
"1849",92,2016,2.975,-82.686798,27.5737
"1850",93,1974,3.88888888888889,-82.744102,27.578899
"1851",93,1975,4.75,-82.744102,27.578899
"1852",93,1976,3.89090909090909,-82.744102,27.578899
"1853",93,1977,4.25833333333333,-82.744102,27.578899
"1854",93,1978,3.93636363636364,-82.744102,27.578899
"1855",93,1979,6.09166666666667,-82.744102,27.578899
"1856",93,1980,4.76666666666667,-82.744102,27.578899
"1857",93,1981,4.51666666666667,-82.744102,27.578899
"1858",93,1982,5.34545454545455,-82.744102,27.578899
"1859",93,1983,5.21666666666667,-82.744102,27.578899
"1860",93,1984,2.725,-82.744102,27.578899
"1861",93,1985,3.91666666666667,-82.744102,27.578899
"1862",93,1986,2.5,-82.744102,27.578899
"1863",93,1987,2.00833333333333,-82.744102,27.578899
"1864",93,1988,2.03333333333333,-82.744102,27.578899
"1865",93,1989,3.13333333333333,-82.744102,27.578899
"1866",93,1990,2.72118181818182,-82.744102,27.578899
"1867",93,1991,2.22116666666667,-82.744102,27.578899
"1868",93,1992,3.09425,-82.744102,27.578899
"1869",93,1993,3.01925,-82.744102,27.578899
"1870",93,1994,3.96427272727273,-82.744102,27.578899
"1871",93,1995,3.60658333333333,-82.744102,27.578899
"1872",93,1996,1.49227272727273,-82.744102,27.578899
"1873",93,1997,3.16875,-82.744102,27.578899
"1874",93,1998,3.61575,-82.744102,27.578899
"1875",93,1999,2.92041666666667,-82.744102,27.578899
"1876",93,2000,3.57545454545455,-82.744102,27.578899
"1877",93,2001,5.4715,-82.744102,27.578899
"1878",93,2002,2.18516666666667,-82.744102,27.578899
"1879",93,2003,2.03483333333333,-82.744102,27.578899
"1880",93,2004,4.5055,-82.744102,27.578899
"1881",93,2005,10,-82.744102,27.578899
"1882",93,2006,3.31818181818182,-82.744102,27.578899
"1883",93,2007,2.2,-82.744102,27.578899
"1884",93,2008,2.14166666666667,-82.744102,27.578899
"1885",93,2009,3.575,-82.744102,27.578899
"1886",93,2010,2.4,-82.744102,27.578899
"1887",93,2011,3.8,-82.744102,27.578899
"1888",93,2012,4.26,-82.744102,27.578899
"1889",93,2013,3.4,-82.744102,27.578899
"1890",93,2014,3.3,-82.744102,27.578899
"1891",93,2015,3.14545454545455,-82.744102,27.578899
"1892",93,2016,2.81818181818182,-82.744102,27.578899
"1893",95,1974,5.44444444444444,-82.694702,27.6112
"1894",95,1975,5.4,-82.694702,27.6112
"1895",95,1976,4.475,-82.694702,27.6112
"1896",95,1977,5.45,-82.694702,27.6112
"1897",95,1978,4.225,-82.694702,27.6112
"1898",95,1979,6.94166666666667,-82.694702,27.6112
"1899",95,1980,5.16666666666667,-82.694702,27.6112
"1900",95,1981,5.6,-82.694702,27.6112
"1901",95,1982,4.95454545454546,-82.694702,27.6112
"1902",95,1983,6.325,-82.694702,27.6112
"1903",95,1984,4.125,-82.694702,27.6112
"1904",95,1985,5.01666666666667,-82.694702,27.6112
"1905",95,1986,2.96363636363636,-82.694702,27.6112
"1906",95,1987,3.14166666666667,-82.694702,27.6112
"1907",95,1988,3.35833333333333,-82.694702,27.6112
"1908",95,1989,4.6,-82.694702,27.6112
"1909",95,1990,3.4185,-82.694702,27.6112
"1910",95,1991,3.60058333333333,-82.694702,27.6112
"1911",95,1992,3.16016666666667,-82.694702,27.6112
"1912",95,1993,3.57366666666667,-82.694702,27.6112
"1913",95,1994,4.40383333333333,-82.694702,27.6112
"1914",95,1995,4.25216666666667,-82.694702,27.6112
"1915",95,1996,2.02145454545455,-82.694702,27.6112
"1916",95,1997,4.32425,-82.694702,27.6112
"1917",95,1998,5.2025,-82.694702,27.6112
"1918",95,1999,3.56383333333333,-82.694702,27.6112
"1919",95,2000,5.06891666666667,-82.694702,27.6112
"1920",95,2001,4.65,-82.694702,27.6112
"1921",95,2002,3.91333333333333,-82.694702,27.6112
"1922",95,2003,2.93941666666667,-82.694702,27.6112
"1923",95,2004,4.74944444444444,-82.694702,27.6112
"1924",95,2005,8.87272727272727,-82.694702,27.6112
"1925",95,2006,3.95833333333333,-82.694702,27.6112
"1926",95,2007,2.92727272727273,-82.694702,27.6112
"1927",95,2008,3.01666666666667,-82.694702,27.6112
"1928",95,2009,4.74166666666667,-82.694702,27.6112
"1929",95,2010,3.14166666666667,-82.694702,27.6112
"1930",95,2011,3.84,-82.694702,27.6112
"1931",95,2012,6.12,-82.694702,27.6112
"1932",95,2013,3.81666666666667,-82.694702,27.6112
"1933",95,2014,3.6,-82.694702,27.6112
"1934",95,2015,3.62727272727273,-82.694702,27.6112
"1935",95,2016,2.94545454545455,-82.694702,27.6112
